segment_id,dir,type_ID,POI_ID,traffic_flow,traffic_flow_0,traffic_flow_1,energy_demand,energy_demand_0,energy_demand_1,dist_along_segment,pois_type,pYi_dir,pYi_dir_0,pYi_dir_1,pE_charged,pE_charged_0,pE_charged_1,pE_input,pE_input_0,pE_input_1,pE_output,pE_output_0,pE_output_1,pXi
0.0,2.0,0.0,0.0,26540.63611205301,13243.023903864512,13297.612208188497,4423.921231438179,0.0,4423.921231438179,0.0,link,0.0,0.0,0.0,0.0,0.0,0.0,0.0,0.0,0.0,24.88455692683976,0.0,24.88455692683976,0
0.0,2.0,1.0,1.0,26594.77697992819,13269.441574912722,13325.335405015468,810.0039769207759,31.774775427221,778.2292014935549,239.71582410116363,ra,5.0,0.0,5.0,85.18268722706902,0.17873311177811813,85.00395411529091,80.62641485688967,0.0,80.62641485688967,0.0,0.0,0.0,1
0.0,2.0,0.0,2.0,45891.071384772644,24132.535484801192,21758.535899971448,10453.078391900737,5371.86342144895,5081.214970451788,24427.46216029796,ra,0.0,0.0,0.0,0.0,0.0,0.0,52.04458064809836,0.0,52.04458064809836,110.84314660254,30.216731745650343,80.62641485688967,0
0.0,1.0,2.0,3.0,5594.606273434111,0.0,5594.606273434111,2065.9854049899545,0.0,2065.9854049899545,68504.60131061138,ra,0.0,0.0,0.0,0.0,0.0,0.0,40.423412745029864,0.0,40.423412745029864,52.04458064809836,0.0,52.04458064809836,0
0.0,0.0,3.0,4.0,4553.083889317481,4553.083889317481,0.0,7187.448325138304,7187.448325138304,0.0,79329.13749040988,ra,0.0,0.0,0.0,0.0,0.0,0.0,30.216731745650343,30.216731745650343,0.0,70.6461285745533,70.6461285745533,0.0,0
0.0,2.0,4.0,5.0,7895.539602766943,4645.32330643337,3250.2162963335736,2342.9750495919843,1038.6617908113935,1304.3132587805906,104473.7124161702,ra,3.0,0.0,3.0,150.0,70.6461285745533,79.3538714254467,183.08665066438903,70.6461285745533,112.44052208983574,46.265885318343955,5.8424725733140885,40.423412745029864,1
0.0,2.0,5.0,6.0,19815.36822147169,9562.72950758806,10252.63871388363,7959.026265117185,2076.9550358924675,5882.071229224718,133409.21035475997,ra,0.0,0.0,0.0,0.0,0.0,0.0,85.19634399876078,5.8424725733140885,79.3538714254467,129.96586674004496,17.525344650209217,112.44052208983574,0
0.0,2.0,6.0,7.0,38420.41317046725,19234.66349454688,19185.749675920368,10291.73164091456,4957.101208651553,5334.630432263007,173065.41379977632,ra,2.0,0.0,2.0,5.926032480806455,0.0,5.926032480806455,72.79795237498297,17.525344650209217,55.27260772477375,124.7629103743209,45.4090389488742,79.3538714254467,1
0.0,1.0,7.0,8.0,21229.45737990749,0.0,21229.45737990749,31.90719068892483,0.0,31.90719068892483,176940.22069628988,ra,0.0,0.0,0.0,0.0,0.0,0.0,55.09312977714853,0.0,55.09312977714853,55.27260772477375,0.0,55.27260772477375,0
0.0,2.0,0.0,9.0,50605.7308716768,25638.902393873523,24966.82847780328,5210.178551742356,5210.178551742356,0.0,194059.96494613093,link,0.0,0.0,0.0,0.0,0.0,0.0,100.50216872602273,45.4090389488742,55.09312977714853,129.8094230795735,74.71629330242494,55.09312977714853,0
1.0,2.0,0.0,10.0,41635.269674683135,21021.62675530025,20613.64291938288,39.776186500955454,0.0,39.776186500955454,0.0,link,0.0,0.0,0.0,0.0,0.0,0.0,82.40455227677475,70.8392802623614,11.565272014413347,82.62829332584262,70.8392802623614,11.789013063481221,0
1.0,2.0,8.0,11.0,39859.943598360216,20128.71002741653,19731.23357094369,2276.328443367862,1715.7273142405495,560.6011291273123,8218.215919324155,ra,2.0,0.0,2.0,97.94229629432986,80.4902464049645,17.452049889365373,96.70322081479898,70.8392802623614,25.863940552437587,11.565272014413347,0.0,11.565272014413347,1
1.0,0.0,9.0,12.0,15021.9786197919,15021.9786197919,0.0,1426.8426564048834,1426.8426564048834,0.0,16747.064047816148,ra,0.0,0.0,0.0,0.0,0.0,0.0,0.0,0.0,0.0,8.02598994227747,8.02598994227747,0.0,0
1.0,2.0,10.0,13.0,29629.27020666332,14994.151703987822,14635.1185026755,191.32891529796464,24.711112058686385,166.61780323927826,16911.740762175257,ra,0.0,0.0,0.0,0.0,0.0,0.0,32.95270535149412,8.02598994227747,24.926715409216648,33.88993049471506,8.02598994227747,25.863940552437587,0
1.0,2.0,14.0,14.0,23126.81664543996,11846.335117703364,11280.481527736596,2715.588968665061,1386.7595429137232,1328.829425751338,27721.26496153286,ra,0.0,0.0,0.0,0.0,0.0,0.0,25.478039831642842,8.02598994227747,17.452049889365373,40.75322778038381,15.826512371167162,24.926715409216648,0
1.0,1.0,13.0,15.0,11337.261932088282,0.0,11337.261932088282,1420.2485369302626,0.0,1420.2485369302626,29194.630965596883,ra,0.0,0.0,0.0,0.0,0.0,0.0,9.463151869132645,0.0,9.463151869132645,17.452049889365373,0.0,17.452049889365373,0
1.0,0.0,12.0,16.0,11885.52653584708,11885.52653584708,0.0,208.50481099773148,208.50481099773148,0.0,29478.47368022978,ra,0.0,0.0,0.0,0.0,0.0,0.0,15.826512371167162,15.826512371167162,0.0,7.8005224288896935,7.8005224288896935,0.0,0
1.0,0.0,15.0,17.0,11960.17018283512,11960.17018283512,0.0,465.471180470787,465.471180470787,0.0,33381.72336961185,ra,0.0,0.0,0.0,0.0,0.0,0.0,7.8005224288896935,7.8005224288896935,0.0,2.6182753901481766,2.6182753901481766,0.0,0
1.0,2.0,16.0,18.0,23460.93532657191,11970.385389125157,11490.549937446756,1768.6682817168698,86.33017164884411,1682.3381100680258,34103.26049306036,ra,0.0,0.0,0.0,0.0,0.0,0.0,2.6182753901481766,2.6182753901481766,0.0,12.081427259280822,2.6182753901481766,9.463151869132645,0
1.0,2.0,0.0,19.0,23472.95328481904,11974.880939958675,11498.072344860364,41.43137038083431,41.43137038083431,0.0,34449.34645750041,link,0.0,0.0,0.0,0.0,0.0,0.0,2.6182753901481766,2.6182753901481766,0.0,0.233051458392193,0.233051458392193,0.0,0
2.0,2.0,0.0,20.0,68929.16895257494,33758.81379308793,35170.35515948701,2037.3044909279515,0.0,2037.3044909279515,0.0,link,0.0,0.0,0.0,0.0,0.0,0.0,133.6100795771069,52.82140683248643,80.78867274462047,145.06991733857663,52.82140683248643,92.2485105060902,0
2.0,1.0,11.0,21.0,34398.2821383792,0.0,34398.2821383792,0.1779942533838276,0.0,0.1779942533838276,2598.411645460739,ra,0.0,0.0,0.0,0.0,0.0,0.0,80.78767152694519,0.0,80.78767152694519,80.78867274462047,0.0,80.78867274462047,0
2.0,0.0,17.0,22.0,24285.97411997901,24285.97411997901,0.0,5629.753466227842,5629.753466227842,0.0,19826.030918871555,ra,0.0,0.0,0.0,0.0,0.0,0.0,52.82140683248643,52.82140683248643,0.0,84.48877008001803,84.48877008001803,0.0,0
2.0,1.0,18.0,23.0,24186.0911430872,0.0,24186.0911430872,4128.069297151063,0.0,4128.069297151063,19924.554475399083,ra,0.0,0.0,0.0,0.0,0.0,0.0,57.567281730470455,0.0,57.567281730470455,80.78767152694519,0.0,80.78767152694519,0
2.0,0.0,19.0,24.0,24395.8043620461,24395.8043620461,0.0,1107.9496170791724,1107.9496170791724,0.0,24376.283905318956,ra,0.0,0.0,0.0,0.0,0.0,0.0,84.48877008001803,84.48877008001803,0.0,90.72098667608837,90.72098667608837,0.0,0
2.0,0.0,20.0,25.0,18382.744960495544,18382.744960495544,0.0,3193.5958308596214,3193.5958308596214,0.0,38424.04808590371,ra,0.0,0.0,0.0,0.0,0.0,0.0,90.72098667608837,90.72098667608837,0.0,108.68496322467372,108.68496322467372,0.0,0
2.0,1.0,21.0,26.0,18491.613365488807,0.0,18491.613365488807,4453.992496188428,0.0,4453.992496188428,38987.68062551749,ra,0.0,0.0,0.0,0.0,0.0,0.0,32.51357393941054,0.0,32.51357393941054,57.567281730470455,0.0,57.567281730470455,0
2.0,2.0,22.0,27.0,37060.49951410931,18323.84940673533,18736.65010737398,9037.685965220891,4162.991831646682,4874.69413357421,60686.533174562566,ra,3.0,0.0,3.0,132.10179227768634,132.10179227768634,0.0,113.77838266272933,108.68496322467372,5.093419438055611,32.51357393941054,0.0,32.51357393941054,1
2.0,2.0,23.0,28.0,37058.90292655935,18323.112740357166,18735.790186202183,905.6708621966342,0.1740732089699103,905.4967889876642,60687.52230976862,ra,0.0,0.0,0.0,0.0,0.0,0.0,0.0,0.0,0.0,5.093419438055611,0.0,5.093419438055611,0
2.0,2.0,0.0,29.0,23931.60016336258,12393.941571693274,11537.658591669302,2066.8759536088314,2066.8759536088314,0.0,74788.45855603463,link,0.0,0.0,0.0,0.0,0.0,0.0,0.0,0.0,0.0,11.626177239049676,11.626177239049676,0.0,0
3.0,2.0,0.0,30.0,27844.0,14880.0,12964.0,276.638796,0.0,276.638796,0.0,link,0.0,0.0,0.0,0.0,0.0,0.0,7.417845213659933,0.0,7.417845213659933,1.5560932275000001,0.0,1.5560932275000001,0
3.0,0.0,24.0,31.0,14880.0,14880.0,0.0,43.31568,43.31568,0.0,291.13911748382634,ra,0.0,0.0,0.0,0.0,0.0,0.0,0.0,0.0,0.0,0.2436507,0.2436507,0.0,0
3.0,1.0,25.0,32.0,12963.999999999998,0.0,12963.999999999998,50.78647,0.0,50.78647,391.7896627176565,ra,0.0,0.0,0.0,0.0,0.0,0.0,10.930677107788432,0.0,10.930677107788432,7.417845213659933,0.0,7.417845213659933,0
3.0,2.0,1.0,33.0,27844.0,14880.000000000002,12964.0,332.50104000000005,332.50104000000005,0.0,2525.7146416492456,link,0.0,0.0,0.0,0.0,0.0,0.0,24.640453989541918,0.2436507,24.396803289541918,13.044646157788431,2.11396905,10.930677107788432,0
4.0,2.0,1.0,34.0,59761.3086274698,30037.341974575906,29723.966652893894,2541.480423000085,0.0,2541.480423000085,0.0,link,0.0,0.0,0.0,0.0,0.0,0.0,48.35961003893503,48.35961003893503,0.0,62.65543741831051,48.35961003893503,14.295827379375478,0
4.0,1.0,29.0,35.0,19741.19620746718,0.0,19741.19620746718,941.1307808897812,0.0,941.1307808897812,27421.918402146952,ra,3.0,0.0,3.0,94.92211280416863,0.0,94.92211280416863,89.62825216166361,0.0,89.62825216166361,0.0,0.0,0.0,1
4.0,0.0,28.0,36.0,20188.77400206591,20188.77400206591,0.0,6913.407817081132,6913.407817081132,0.0,27456.275537656256,ra,0.0,0.0,0.0,0.0,0.0,0.0,48.35961003893503,48.35961003893503,0.0,87.2475290100164,87.2475290100164,0.0,0
4.0,2.0,31.0,37.0,24242.046721440067,16011.081415437498,8230.965306002568,10336.618270691582,5459.807289653861,4876.810981037721,57952.436449648114,ra,0.0,0.0,0.0,0.0,0.0,0.0,149.4437194033428,87.2475290100164,62.19619039332643,207.58719717598296,117.95894501431935,89.62825216166361,0
4.0,2.0,30.0,38.0,24222.436414627213,16010.688472387346,8211.747942239866,2097.1816748164333,3.698514594089785,2093.4831602223435,57975.56024030675,ra,6.0,0.0,6.0,142.68870501331023,79.09183018782976,63.59687482548047,231.97616745687557,117.95894501431935,114.01722244255622,101.0841093644078,38.88791897108136,62.19619039332643,1
4.0,2.0,35.0,39.0,21337.90578167672,10925.606078379402,10412.299703297318,4724.821457700606,2596.3850909026173,2128.436366797988,78476.45534742385,ra,0.0,0.0,0.0,0.0,0.0,0.0,140.9326868503989,38.88791897108136,102.04476787931753,167.50980754996482,53.49258510740859,114.01722244255622,0
4.0,0.0,40.0,40.0,10876.999998084551,10876.999998084551,0.0,1976.660743966538,1976.660743966538,0.0,96645.26673532616,ra,0.0,0.0,0.0,0.0,0.0,0.0,53.49258510740859,53.49258510740859,0.0,64.61130179222036,64.61130179222036,0.0,0
4.0,1.0,41.0,41.0,10239.998724530997,0.0,10239.998724530997,1817.260584824645,0.0,1817.260584824645,99246.70723666706,ra,0.0,0.0,0.0,0.0,0.0,0.0,91.8226770896789,0.0,91.8226770896789,102.04476787931753,0.0,102.04476787931753,0
4.0,2.0,42.0,42.0,15349.448623427987,7293.1561007636,8056.292522664386,2244.8438549829234,2242.944719983224,1.8991349996993472,124531.18468963404,ra,3.0,0.0,3.0,43.86629511878178,38.33994687104463,5.526348247737145,161.9496444952631,64.61130179222036,97.33834270304274,130.71059606076028,38.88791897108136,91.8226770896789,1
4.0,2.0,45.0,43.0,29499.999782114108,14928.999812810407,14570.9999693037,9965.395457829238,4949.374190304771,5016.021267524467,160563.71538932095,ra,0.0,0.0,0.0,0.0,0.0,0.0,108.01114204429898,38.88791897108136,69.12322307321762,164.06649149458843,66.72814879154569,97.33834270304274,0
4.0,2.0,49.0,44.0,29501.249670962527,14929.610924790286,14571.63874617224,7771.3951170941245,964.2534476850196,6807.141669409105,167022.61670697512,ra,0.0,0.0,0.0,0.0,0.0,0.0,97.56119997433709,66.72814879154569,30.833051182791397,141.27529750799152,72.15207443477392,69.12322307321762,0
4.0,2.0,2.0,45.0,37135.97924873808,18661.98985536135,18473.98939337673,2580.116572311374,2580.116572311374,0.0,182066.4548482201,link,0.0,0.0,0.0,0.0,0.0,0.0,102.98512561756532,72.15207443477392,30.833051182791397,117.49828133681679,86.6652301540254,30.833051182791397,0
5.0,2.0,1.0,46.0,68793.7826224039,33913.44536880647,34880.33725359744,3843.82209257494,0.0,3843.82209257494,0.0,link,0.0,0.0,0.0,0.0,0.0,0.0,57.6518225924852,11.463352482058895,46.18847011042631,79.27332186321924,11.463352482058895,67.80996938116034,0
5.0,1.0,26.0,47.0,36003.524001333615,0.0,36003.524001333615,3895.947466930393,0.0,3895.947466930393,10624.424038435742,ra,0.0,0.0,0.0,0.0,0.0,0.0,24.273765608942853,0.0,24.273765608942853,46.18847011042631,0.0,46.18847011042631,0
5.0,0.0,27.0,48.0,32653.80091590929,32653.80091590929,0.0,4178.141771103933,4178.141771103933,0.0,12028.538687185455,ra,0.0,0.0,0.0,0.0,0.0,0.0,11.463352482058895,11.463352482058895,0.0,34.96539994451852,34.96539994451852,0.0,0
5.0,2.0,32.0,49.0,33127.66797826424,16315.8916479239,16811.776330340337,9152.204545843142,5870.836452837575,3281.368093005566,39273.39357565199,ra,4.0,0.0,4.0,199.99999999999994,67.98885499172988,132.01114500827006,172.79261503857515,34.96539994451852,137.8272150940566,24.273765608942853,0.0,24.273765608942853,1
5.0,1.0,36.0,50.0,15728.354223345885,0.0,15728.354223345885,1275.7622080104995,0.0,1275.7622080104995,47330.36386477938,ra,0.0,0.0,0.0,0.0,0.0,0.0,130.65105267399755,0.0,130.65105267399755,137.8272150940566,0.0,137.8272150940566,0
5.0,0.0,39.0,51.0,16181.036957810447,16181.036957810447,0.0,2402.71193975453,2402.71193975453,0.0,54808.46507060479,ra,0.0,0.0,0.0,0.0,0.0,0.0,0.0,0.0,0.0,13.515254661119231,13.515254661119231,0.0,0
5.0,1.0,43.0,52.0,15425.054197747386,0.0,15425.054197747386,6550.9163885109065,0.0,6550.9163885109065,67696.58292643339,ra,0.0,0.0,0.0,0.0,0.0,0.0,93.80214798862374,0.0,93.80214798862374,130.65105267399755,0.0,130.65105267399755,0
5.0,0.0,44.0,53.0,16743.940970134765,16743.940970134765,0.0,2188.52376611744,2188.52376611744,0.0,67916.71774036821,ra,0.0,0.0,0.0,0.0,0.0,0.0,13.515254661119231,13.515254661119231,0.0,25.82570084552983,25.82570084552983,0.0,0
5.0,1.0,50.0,54.0,23926.865751230227,0.0,23926.865751230227,3865.032082238866,0.0,3865.032082238866,86150.64463711552,ra,0.0,0.0,0.0,0.0,0.0,0.0,72.06134252603012,0.0,72.06134252603012,93.80214798862374,0.0,93.80214798862374,0
5.0,0.0,51.0,55.0,23976.591723992253,23976.591723992253,0.0,3863.210440192499,3863.210440192499,0.0,86198.21188888987,ra,0.0,0.0,0.0,0.0,0.0,0.0,25.82570084552983,25.82570084552983,0.0,47.55625957161264,47.55625957161264,0.0,0
5.0,2.0,4.0,56.0,48295.998738473485,24204.99925545633,24090.99948301716,3849.659028767285,3849.659028767285,0.0,102115.05106186114,link,0.0,0.0,0.0,0.0,0.0,0.0,121.31274226075843,47.55625957161264,73.75648268914578,141.27193413445872,69.21059160842862,72.06134252603012,0
6.0,2.0,0.0,57.0,17593.52882743976,9370.089853693322,8223.438973746437,3280.588971659345,0.0,3280.588971659345,0.0,link,0.0,0.0,0.0,0.0,0.0,0.0,0.0,0.0,0.0,18.45331296558382,0.0,18.45331296558382,0
6.0,0.0,34.0,58.0,9440.700126436834,9440.700126436834,0.0,115.62791616056612,115.62791616056612,0.0,1229.5619294335402,ra,0.0,0.0,0.0,0.0,0.0,0.0,0.0,0.0,0.0,0.6504070284031844,0.6504070284031844,0.0,0
6.0,0.0,33.0,59.0,9685.754071387502,9685.754071387502,0.0,302.82244713524466,302.82244713524466,0.0,4398.318016945725,ra,0.0,0.0,0.0,0.0,0.0,0.0,0.6504070284031844,0.6504070284031844,0.0,2.3537832935389353,2.3537832935389353,0.0,0
6.0,1.0,38.0,60.0,13533.136089729269,0.0,13533.136089729269,3267.2679643300085,0.0,3267.2679643300085,19100.037855584003,ra,0.0,0.0,0.0,0.0,0.0,0.0,0.0,0.0,0.0,0.0,0.0,0.0,0
6.0,0.0,37.0,61.0,14150.210375121094,14150.210375121094,0.0,1803.67381185194,1803.67381185194,0.0,19123.313502380493,ra,0.0,0.0,0.0,0.0,0.0,0.0,2.3537832935389353,2.3537832935389353,0.0,12.499448485206097,12.499448485206097,0.0,0
6.0,2.0,48.0,62.0,30972.88424037613,15986.27621540026,14986.608024975872,5468.198643546355,3421.909443445684,2046.2892001006717,42213.94659999393,ra,3.0,0.0,3.0,104.30814882511811,31.74768910458807,72.56045972053005,73.54953145516986,12.499448485206097,61.05008296996375,0.0,0.0,0.0,1
6.0,2.0,3.0,63.0,43852.38298306345,22912.25382809093,20940.12915497252,3553.9006048965416,3553.9006048965416,0.0,60876.22424217983,link,0.0,0.0,0.0,0.0,0.0,0.0,61.05008296996375,0.0,61.05008296996375,81.0407738725068,19.990690902543047,61.05008296996375,0
7.0,2.0,0.0,64.0,11819.728833092571,5668.999528653672,6150.729304438899,2312.6327385691666,0.0,2312.6327385691666,0.0,link,0.0,0.0,0.0,0.0,0.0,0.0,0.0,0.0,0.0,13.008559154451563,0.0,13.008559154451563,0
7.0,2.0,46.0,65.0,16750.439961073742,8281.792263693602,8468.64769738014,443.91171562073237,439.3743632250341,4.537352395698317,6667.955447556553,ra,6.0,0.0,6.0,47.53600175309391,2.4714807931408163,45.0645209599531,45.038998352727305,0.0,45.038998352727305,0.0,0.0,0.0,1
7.0,2.0,47.0,66.0,16803.00194301874,8309.644744099518,8493.35719891922,469.008092957891,4.438227533612364,464.56986542427865,6721.474926778252,ra,0.0,0.0,0.0,0.0,0.0,0.0,42.42579285971574,0.0,42.42579285971574,45.06396338260387,0.024965029876569553,45.038998352727305,0
7.0,2.0,2.0,67.0,31479.264687684805,14962.675134733858,16516.589552950947,2176.386974618303,2176.386974618303,0.0,25294.541879356693,link,0.0,0.0,0.0,0.0,0.0,0.0,42.45075788959231,0.024965029876569553,42.42579285971574,54.692934621820264,12.267141762104524,42.42579285971574,0
8.0,2.0,2.0,68.0,14782.369584642798,7482.847541600488,7299.522043042311,571.5351732524385,0.0,571.5351732524385,0.0,link,0.0,0.0,0.0,0.0,0.0,0.0,59.82047094951535,59.82047094951535,0.0,63.03535629906031,59.82047094951535,3.2148853495449665,0
8.0,2.0,52.0,69.0,9208.206367128356,4168.183876582084,5040.022490546272,1091.488655298786,530.5477835235342,560.9408717752517,9055.824498122218,ra,6.0,0.0,6.0,65.96009463557101,62.804802231835225,3.1552924037357903,59.82047094951535,59.82047094951535,0.0,0.0,0.0,0.0,1
8.0,2.0,0.0,70.0,9708.89067456805,5120.673657931851,4588.2170166362,557.603815055505,557.603815055505,0.0,21173.685305885127,link,0.0,0.0,0.0,0.0,0.0,0.0,0.0,0.0,0.0,3.136521459687216,3.136521459687216,0.0,0
9.0,2.0,2.0,71.0,31818.423136170015,16104.883545196824,15713.539590973189,3261.4825971182563,0.0,3261.4825971182563,0.0,link,0.0,0.0,0.0,0.0,0.0,0.0,62.37901351925974,24.89639770085117,37.482615818408576,80.72485312804994,24.89639770085117,55.82845542719877,0
9.0,2.0,55.0,72.0,36693.05587768159,18116.80864806472,18576.24722961687,5325.486521774037,2708.000893980142,2617.485627793895,15445.371783397328,ra,1.0,0.0,1.0,40.12890272948947,40.12890272948947,0.0,47.65565686291909,24.89639770085117,22.75925916206792,37.482615818408576,0.0,37.482615818408576,1
9.0,2.0,7.0,73.0,31601.85426430268,15291.911788888328,16309.942475414353,3142.329967824336,3142.329967824336,0.0,33157.12684688381,link,0.0,0.0,0.0,0.0,0.0,0.0,22.75925916206792,0.0,22.75925916206792,40.43486523107981,17.67560606901189,22.75925916206792,0
10.0,2.0,3.0,74.0,31606.669563938915,16070.547455207432,15536.122108731484,43.81406893215462,0.0,43.81406893215462,0.0,link,0.0,0.0,0.0,0.0,0.0,0.0,58.684238850014374,56.89398293841338,1.7902559116009937,58.930692987757745,56.89398293841338,2.0367100493443635,0
10.0,2.0,53.0,75.0,20482.292071415013,10386.965680851748,10095.326390563265,3859.9783717818373,1960.6175793947991,1899.3607923870384,14793.406531478646,ra,3.0,0.0,3.0,107.55703450911469,67.92245682250913,39.63457768660555,87.63491207944284,56.89398293841338,30.740929141029458,1.7902559116009937,0.0,1.7902559116009937,1
10.0,2.0,4.0,76.0,20473.61899569675,10382.534499411437,10091.084496285315,45.07964033000498,45.07964033000498,0.0,15227.535521101405,link,0.0,0.0,0.0,0.0,0.0,0.0,30.740929141029458,0.0,30.740929141029458,30.994502117885737,0.253572976856278,30.740929141029458,0
11.0,2.0,3.0,77.0,48420.054142922716,24599.82318293021,23820.230959992503,1269.8213138175106,0.0,1269.8213138175106,0.0,link,0.0,0.0,0.0,0.0,0.0,0.0,113.22326218482138,12.224671059277583,100.9985911255438,120.36600707504488,12.224671059277583,108.1413360157673,0
11.0,2.0,54.0,78.0,48814.99317229718,24295.434711773956,24519.55846052323,3388.4082292149897,1701.6312773650386,1686.7769518499513,6967.487148144968,ra,0.0,0.0,0.0,0.0,0.0,0.0,103.73514183066541,12.224671059277583,91.51047077138783,122.79493811999973,21.79634699445593,100.9985911255438,0
11.0,1.0,56.0,79.0,22284.926619444108,0.0,22284.926619444108,1685.094433220274,0.0,1685.094433220274,14053.388239050711,ra,0.0,0.0,0.0,0.0,0.0,0.0,82.03181458452379,0.0,82.03181458452379,91.51047077138783,0.0,91.51047077138783,0
11.0,2.0,5.0,80.0,42919.8251598076,21285.35848456856,21634.466675239044,2910.8952617885475,2910.8952617885475,0.0,19878.69006465457,link,0.0,0.0,0.0,0.0,0.0,0.0,103.82816157897972,21.79634699445593,82.03181458452379,120.2019474265403,38.170132842016514,82.03181458452379,0
12.0,2.0,4.0,81.0,53131.67233206281,26537.18348117461,26594.4888508882,1562.324430007989,0.0,1562.324430007989,0.0,link,0.0,0.0,0.0,0.0,0.0,0.0,145.95121825491645,60.59939231017822,85.35182594473824,144.87265404829583,57.339885703705804,87.53276834459001,0
12.0,0.0,58.0,82.0,22288.895823895957,22288.895823895957,0.0,3364.25769729557,3364.25769729557,0.0,13722.635716121396,ra,0.0,0.0,0.0,0.0,0.0,0.0,57.339885703705804,57.339885703705804,0.0,76.26383525099337,76.26383525099337,0.0,0
12.0,1.0,57.0,83.0,22492.6689728353,0.0,22492.6689728353,3393.592303197099,0.0,3393.592303197099,13775.369179933106,ra,0.0,0.0,0.0,0.0,0.0,0.0,66.26286923925454,0.0,66.26286923925454,85.35182594473824,0.0,85.35182594473824,0
12.0,2.0,5.0,84.0,44751.07719214048,22273.03927625819,22478.037915882287,1559.840879232986,1559.840879232986,0.0,20725.095833182608,link,0.0,0.0,0.0,0.0,0.0,0.0,160.82580134521749,76.26383525099337,84.56196609422412,151.30080943593345,85.03794019667892,66.26286923925454,0
13.0,2.0,4.0,85.0,25987.610544625633,13119.378445562592,12868.232099063043,1205.3834904693945,0.0,1205.3834904693945,0.0,link,0.0,0.0,0.0,0.0,0.0,0.0,93.00026478182471,45.84033785261824,47.15992692920646,94.56925466529901,40.6290456022022,53.94020906309681,0
13.0,2.0,59.0,86.0,13974.00634747334,7033.004117758563,6941.002229714777,6883.850493770728,3777.525971618388,3106.32452215234,36309.89528647439,ra,0.0,0.0,0.0,0.0,0.0,0.0,70.31589709430175,40.6290456022022,29.686851492099553,102.98688266480407,55.82695573559761,47.15992692920646,0
13.0,1.0,63.0,87.0,7362.494657393186,0.0,7362.494657393186,661.497609325267,0.0,661.497609325267,54986.89266391457,ra,0.0,0.0,0.0,0.0,0.0,0.0,25.965927439644926,0.0,25.965927439644926,29.686851492099553,0.0,29.686851492099553,0
13.0,0.0,62.0,88.0,7963.314490087364,7963.314490087364,0.0,1395.6084792930023,1395.6084792930023,0.0,55258.29185590623,ra,0.0,0.0,0.0,0.0,0.0,0.0,55.82695573559761,55.82695573559761,0.0,61.7796707082571,61.7796707082571,0.0,0
13.0,2.0,70.0,89.0,20915.585370117602,10623.723419117588,10291.861951000015,6679.2986941238505,3389.0040936651603,3290.29460045869,85720.88488710183,ra,0.0,0.0,0.0,0.0,0.0,0.0,69.23769102032189,61.7796707082571,7.458020312064792,106.80874617476853,80.8428187351236,25.965927439644926,0
13.0,1.0,71.0,90.0,10312.666692975632,0.0,10312.666692975632,1325.8702777004075,0.0,1325.8702777004075,92148.0377185692,ra,0.0,0.0,0.0,0.0,0.0,0.0,0.0,0.0,0.0,7.458020312064792,0.0,7.458020312064792,0
13.0,0.0,75.0,91.0,10865.41330620228,10865.41330620228,0.0,2225.2267853650983,2225.2267853650983,0.0,106351.19825280692,ra,0.0,0.0,0.0,0.0,0.0,0.0,80.8428187351236,80.8428187351236,0.0,93.3597194028023,93.3597194028023,0.0,0
13.0,2.0,80.0,92.0,21769.313571554885,10924.77173173255,10844.541839822334,5231.405901354321,1587.860206417783,3643.5456949365375,121274.1282993086,ra,6.0,0.0,6.0,142.61953690043458,102.29143306390232,40.32810383653225,113.19287870531652,93.3597194028023,19.83315930251422,0.0,0.0,0.0,1
13.0,2.0,8.0,93.0,20326.83796736937,10049.65492309056,10277.18304427881,1199.9706688262263,1199.9706688262263,0.0,132616.96921985535,link,0.0,0.0,0.0,0.0,0.0,0.0,19.83315930251422,0.0,19.83315930251422,26.58299431466174,6.749835012147523,19.83315930251422,0
14.0,2.0,5.0,94.0,94497.82264774677,47019.26687675304,47478.55577099372,936.3425207579636,0.0,936.3425207579636,0.0,link,0.0,0.0,0.0,0.0,0.0,0.0,250.142141563882,106.01168030154653,144.13046126233547,255.40906824314555,106.01168030154653,149.39738794159902,0
14.0,0.0,61.0,95.0,46935.18990316021,46935.18990316021,0.0,2174.788745042169,2174.788745042169,0.0,4629.482620571615,ra,0.0,0.0,0.0,0.0,0.0,0.0,106.01168030154653,106.01168030154653,0.0,111.03534416016998,111.03534416016998,0.0,0
14.0,1.0,60.0,96.0,47664.75200387175,0.0,47664.75200387175,2204.32457448694,0.0,2204.32457448694,4633.73189838993,ra,0.0,0.0,0.0,0.0,0.0,0.0,131.73113553084644,0.0,131.73113553084644,144.13046126233547,0.0,144.13046126233547,0
14.0,2.0,6.0,97.0,94641.69117202783,46900.62074452682,47741.07042750101,922.9194205020584,922.9194205020584,0.0,6596.600389256655,link,0.0,0.0,0.0,0.0,0.0,0.0,242.76647969101643,111.03534416016998,131.73113553084644,241.39106676437132,109.65993123352487,131.73113553084644,0
15.0,2.0,6.0,98.0,75207.49134104664,44538.30191090561,30669.189430141025,1884.850151816533,0.0,1884.850151816533,0.0,link,0.0,0.0,0.0,0.0,0.0,0.0,193.27582290503983,156.6257740437922,36.65004886124764,106.43788276960828,59.185551804392645,47.25233096521564,0
15.0,1.0,64.0,99.0,16721.32745245393,0.0,16721.32745245393,6515.564241999581,0.0,6515.564241999581,25738.743223846097,ra,0.0,0.0,0.0,0.0,0.0,0.0,0.0,0.0,0.0,36.65004886124764,0.0,36.65004886124764,0
15.0,0.0,65.0,100.0,16271.068415411031,16271.068415411031,0.0,7891.47329091754,7891.47329091754,0.0,25740.902218562274,ra,0.0,0.0,0.0,0.0,0.0,0.0,59.185551804392645,59.185551804392645,0.0,41.26221006077882,41.26221006077882,0.0,0
15.0,2.0,0.0,101.0,10998.091984936455,5379.561945168664,5618.530039767791,1825.012570497084,1825.012570497084,0.0,48631.17855592899,link,0.0,0.0,0.0,0.0,0.0,0.0,41.26221006077882,41.26221006077882,0.0,10.265695709046097,10.265695709046097,0.0,0
16.0,2.0,6.0,102.0,79740.5667298025,40135.953102102525,39604.61362769997,2800.895581315986,0.0,2800.895581315986,0.0,link,0.0,0.0,0.0,0.0,0.0,0.0,262.8111325720689,73.56076142053664,189.2503711515323,274.73203158615416,69.72662278971944,205.00540879643472,0
16.0,1.0,66.0,103.0,29014.9759926702,0.0,29014.9759926702,4194.662066106028,0.0,4194.662066106028,12316.83855333374,ra,0.0,0.0,0.0,0.0,0.0,0.0,165.6553970296859,0.0,165.6553970296859,189.2503711515323,0.0,189.2503711515323,0
16.0,0.0,67.0,104.0,29278.008085254503,29278.008085254503,0.0,4585.787822607259,4585.787822607259,0.0,12575.946688510528,ra,0.0,0.0,0.0,0.0,0.0,0.0,69.72662278971944,69.72662278971944,0.0,91.90191866358813,91.90191866358813,0.0,0
16.0,0.0,72.0,105.0,28145.02656728497,28145.02656728497,0.0,3642.99524799985,3642.99524799985,0.0,25449.08031583349,ra,0.0,0.0,0.0,0.0,0.0,0.0,91.90191866358813,91.90191866358813,0.0,111.62293214640633,111.62293214640633,0.0,0
16.0,1.0,74.0,106.0,25731.855828829863,0.0,25731.855828829863,3150.32793358614,0.0,3150.32793358614,32933.75197391795,ra,0.0,0.0,0.0,0.0,0.0,0.0,147.9348024032639,0.0,147.9348024032639,165.6553970296859,0.0,165.6553970296859,0
16.0,0.0,76.0,107.0,25418.722177742115,25418.722177742115,0.0,6370.068704760761,6370.068704760761,0.0,49497.46890143416,ra,0.0,0.0,0.0,0.0,0.0,0.0,111.62293214640633,111.62293214640633,0.0,147.4545686106856,147.4545686106856,0.0,0
16.0,1.0,77.0,108.0,25469.36930201462,0.0,25469.36930201462,3629.483350372933,0.0,3629.483350372933,49565.51842080065,ra,0.0,0.0,0.0,0.0,0.0,0.0,127.51895855741613,0.0,127.51895855741613,147.9348024032639,0.0,147.9348024032639,0
16.0,1.0,82.0,109.0,26935.54974771189,0.0,26935.54974771189,4731.076881969367,0.0,4731.076881969367,67595.96875209869,ra,0.0,0.0,0.0,0.0,0.0,0.0,100.90665109633844,0.0,100.90665109633844,127.51895855741613,0.0,127.51895855741613,0
16.0,0.0,83.0,110.0,27462.47510980443,27462.47510980443,0.0,5057.102637456699,5057.102637456699,0.0,68666.07464325256,ra,0.0,0.0,0.0,0.0,0.0,0.0,147.4545686106856,147.4545686106856,0.0,175.90077094637954,175.90077094637954,0.0,0
16.0,1.0,86.0,111.0,27163.152752819547,0.0,27163.152752819547,4196.376907454115,0.0,4196.376907454115,81021.89267340553,ra,0.0,0.0,0.0,0.0,0.0,0.0,77.30203099190904,0.0,77.30203099190904,100.90665109633844,0.0,100.90665109633844,0
16.0,0.0,89.0,112.0,29187.99844762554,29187.99844762554,0.0,6653.928103269676,6653.928103269676,0.0,92123.37906601596,ra,0.0,0.0,0.0,0.0,0.0,0.0,175.90077094637954,175.90077094637954,0.0,213.32911652727148,213.32911652727148,0.0,0
16.0,1.0,90.0,113.0,28376.998666581203,0.0,28376.998666581203,5601.684775109653,0.0,5601.684775109653,92203.5095301381,ra,0.0,0.0,0.0,0.0,0.0,0.0,45.79255413191726,0.0,45.79255413191726,77.30203099190904,0.0,77.30203099190904,0
16.0,2.0,94.0,114.0,71124.20344709541,35553.82790120941,35570.375545886,8755.239718801102,4299.63877333859,4455.600945462512,106046.11656904333,ra,2.0,0.0,2.0,100.0,45.45285449691236,54.54714550308764,288.60606084404975,213.32911652727148,75.27694431677828,237.85428426230592,192.06173013038867,45.79255413191726,1
16.0,2.0,12.0,115.0,71147.99996754559,35564.99998476318,35582.99998278241,2799.48715587504,2799.48715587504,0.0,113917.81076099534,link,0.0,0.0,0.0,0.0,0.0,0.0,267.33867444716697,192.06173013038867,75.27694431677828,283.08578969896405,207.80884538218578,75.27694431677828,0
18.0,2.0,7.0,118.0,26949.99999999783,13587.999999998794,13361.999999999038,1262.350888686173,0.0,1262.350888686173,0.0,link,0.0,0.0,0.0,0.0,0.0,0.0,35.304042290236154,14.940794044931184,20.36324824530497,42.404766039095875,14.940794044931184,27.463971994164694,0
18.0,0.0,68.0,119.0,13587.918618998609,13587.918618998609,0.0,1673.7828719547792,1673.7828719547792,0.0,12318.138045343778,ra,0.0,0.0,0.0,0.0,0.0,0.0,14.940794044931184,14.940794044931184,0.0,24.35582269967682,24.35582269967682,0.0,0
18.0,1.0,69.0,120.0,13361.93226547554,0.0,13361.93226547554,3620.13302138755,0.0,3620.13302138755,12346.305678813724,ra,0.0,0.0,0.0,0.0,0.0,0.0,0.0,0.0,0.0,20.36324824530497,0.0,20.36324824530497,0
18.0,2.0,73.0,121.0,21133.145613699366,10354.073130248858,10779.072483450507,3099.0639764514967,1773.464093458567,1325.5998829929297,27186.329383912336,ra,6.0,0.0,6.0,147.91803684368543,34.33155822538126,113.58647861830417,130.48580197614578,24.35582269967682,106.12997927646896,0.0,0.0,0.0,1
18.0,2.0,81.0,122.0,17024.72901544851,8263.2955761644,8761.433439284106,10407.127018587838,5132.593422062407,5274.533596525431,76811.9776614867,ra,0.0,0.0,0.0,0.0,0.0,0.0,76.4607277960134,0.0,76.4607277960134,135.00081727557,28.87083799910104,106.12997927646896,0
18.0,0.0,84.0,123.0,7912.197813125354,7912.197813125354,0.0,1219.9477727403696,1219.9477727403696,0.0,91803.7907317536,ra,0.0,0.0,0.0,0.0,0.0,0.0,28.87083799910104,28.87083799910104,0.0,35.73304422076562,35.73304422076562,0.0,0
18.0,1.0,85.0,124.0,8875.838788593739,0.0,8875.838788593739,1785.784923800428,0.0,1785.784923800428,91872.46119703975,ra,0.0,0.0,0.0,0.0,0.0,0.0,66.41568759963599,0.0,66.41568759963599,76.4607277960134,0.0,76.4607277960134,0
18.0,2.0,92.0,125.0,47292.93717996864,22515.08265535503,24777.854524613613,4754.452437208462,3104.7402940346988,1649.7121431737628,121334.73270596893,ra,4.0,0.0,4.0,63.22915631244483,53.1972083747108,10.03194793773403,102.90104895278321,35.73304422076562,67.1680047320176,66.41568759963599,0.0,66.41568759963599,1
18.0,2.0,11.0,126.0,53098.00276723388,24816.36422563914,28281.638541594737,1125.0783643967968,1125.0783643967968,0.0,126075.53174156268,link,0.0,0.0,0.0,0.0,0.0,0.0,67.1680047320176,0.0,67.1680047320176,73.49657053174957,6.328565799731982,67.1680047320176,0
19.0,2.0,7.0,127.0,19888.0,9830.0,10058.0,1832.5223390000008,0.0,1832.5223390000008,0.0,link,0.0,0.0,0.0,0.0,0.0,0.0,17.74746301305248,17.74746301305248,0.0,28.055401169927485,17.74746301305248,10.307938156875004,0
19.0,2.0,0.0,128.0,19888.0,9830.0,10058.0,1790.9817650000002,1790.9817650000002,0.0,18219.57712193098,link,0.0,0.0,0.0,0.0,0.0,0.0,17.74746301305248,17.74746301305248,0.0,20.16407779944333,20.16407779944333,0.0,0
20.0,2.0,0.0,129.0,19481.000344743796,9701.000199905127,9780.000144838668,1585.946802063634,0.0,1585.946802063634,0.0,link,0.0,0.0,0.0,0.0,0.0,0.0,3.451068667729812,0.0,3.451068667729812,8.920950761607942,0.0,8.920950761607942,0
20.0,0.0,78.0,130.0,10133.998910338903,10133.998910338903,0.0,2201.810828978947,2201.810828978947,0.0,22308.899934453435,ra,0.0,0.0,0.0,0.0,0.0,0.0,0.0,0.0,0.0,12.385185913006577,12.385185913006577,0.0,0
20.0,1.0,79.0,131.0,10094.12847263898,0.0,10094.12847263898,2214.6793271343668,0.0,2214.6793271343668,22364.44986396924,ra,0.0,0.0,0.0,0.0,0.0,0.0,12.91471208689821,0.0,12.91471208689821,3.451068667729812,0.0,3.451068667729812,0
20.0,2.0,8.0,132.0,21962.97969081701,10983.990050020308,10978.989640796704,1594.243979477348,1594.243979477348,0.0,37253.22848420508,link,0.0,0.0,0.0,0.0,0.0,0.0,28.286822574795277,12.385185913006577,15.9016366617887,34.267520384464866,21.352808297566657,12.91471208689821,0
21.0,2.0,8.0,133.0,21649.000000000102,11074.000000000044,10575.00000000006,371.5843359997804,0.0,371.5843359997804,0.0,link,0.0,0.0,0.0,0.0,0.0,0.0,22.830588504092045,22.830588504092045,0.0,24.92075039409081,22.830588504092045,2.090161889998765,0
21.0,2.0,87.0,134.0,23288.999999928543,11776.999999969368,11511.999999959173,6542.587792704876,3329.21173105459,3213.376061650286,29246.642192588224,ra,6.0,0.0,6.0,115.94216672607016,41.557404491274106,74.38476223479604,79.14011039210521,22.830588504092045,56.30952188801317,0.0,0.0,0.0,1
21.0,2.0,10.0,135.0,23288.99999999982,11776.999999999924,11511.999999999898,380.1380059998352,380.1380059998352,0.0,32474.473610155062,link,0.0,0.0,0.0,0.0,0.0,0.0,56.30952188801317,0.0,56.30952188801317,58.447798171762244,2.1382762837490725,56.30952188801317,0
22.0,2.0,8.0,136.0,18089.34980232114,9293.63667702267,8795.71312529847,2541.603617777336,0.0,2541.603617777336,0.0,link,0.0,0.0,0.0,0.0,0.0,0.0,32.30145097999405,9.11269603065477,23.18875494933928,46.597971329991566,9.11269603065477,37.4852752993368,0
22.0,2.0,9.0,137.0,22551.759921439094,11229.492180860212,11322.267740578884,2598.6403059127283,2598.6403059127283,0.0,25496.14409205573,link,0.0,0.0,0.0,0.0,0.0,0.0,32.30145097999405,9.11269603065477,23.18875494933928,46.91880270075315,23.73004775141387,23.18875494933928,0
24.0,2.0,9.0,140.0,25786.108144857673,12922.607317501452,12863.500827356223,310.22506737586025,0.0,310.22506737586025,0.0,link,0.0,0.0,0.0,0.0,0.0,0.0,79.93137752120852,55.494727015477885,24.436650505730636,81.67639352519774,55.494727015477885,26.18166650971985,0
24.0,0.0,88.0,141.0,12911.612953719838,12911.612953719838,0.0,904.5214863572012,904.5214863572012,0.0,7001.124876882881,ra,0.0,0.0,0.0,0.0,0.0,0.0,55.494727015477885,55.494727015477885,0.0,60.582660376237136,60.582660376237136,0.0,0
24.0,1.0,91.0,142.0,12797.695040407143,0.0,12797.695040407143,2112.957697765236,0.0,2112.957697765236,10447.761196686972,ra,0.0,0.0,0.0,0.0,0.0,0.0,12.551263455801184,0.0,12.551263455801184,24.436650505730636,0.0,24.436650505730636,0
24.0,0.0,97.0,143.0,9570.738932827611,9570.738932827611,0.0,2755.7730122650837,2755.7730122650837,0.0,30840.569189513222,ra,0.0,0.0,0.0,0.0,0.0,0.0,60.582660376237136,60.582660376237136,0.0,76.08388357022824,76.08388357022824,0.0,0
24.0,1.0,98.0,144.0,9946.426208887748,0.0,9946.426208887748,2231.335725475766,0.0,2231.335725475766,30857.334061915197,ra,0.0,0.0,0.0,0.0,0.0,0.0,0.0,0.0,0.0,12.551263455801184,0.0,12.551263455801184,0
24.0,2.0,108.0,145.0,15887.706151607494,7870.705730584929,8017.000421022563,4501.986650504175,2168.389585344796,2333.5970651593784,55766.14861335632,ra,4.0,0.0,4.0,200.0,88.28107498779272,111.71892501220727,174.67632509091396,76.08388357022824,98.59244152068574,-3.2679424350466544e-15,-3.2679424350466544e-15,0.0,1
24.0,2.0,114.0,146.0,28294.020698251785,14163.55043686688,14130.470261384906,3453.816952067228,2111.307602382169,1342.5093496850593,76000.7341358558,ra,0.0,0.0,0.0,0.0,0.0,0.0,91.04082642870732,-3.2679424350466544e-15,91.04082642870732,110.46854678408543,11.876105263399696,98.59244152068574,0
24.0,2.0,15.0,147.0,28738.67135022459,14383.312343962509,14355.35900626208,310.87767950128045,310.87767950128045,0.0,78175.47480337396,link,0.0,0.0,0.0,0.0,0.0,0.0,102.91693169210701,11.876105263399696,91.04082642870732,104.66561863930171,13.624792210594398,91.04082642870732,0
25.0,2.0,9.0,148.0,18444.994544675952,9036.997526482091,9407.99701819386,3162.573978652046,0.0,3162.573978652046,0.0,link,0.0,0.0,0.0,0.0,0.0,0.0,59.202090598291434,21.387008852920278,37.81508174537115,71.54578540952399,21.387008852920278,50.15877655660371,0
25.0,2.0,10.0,149.0,19006.727910032103,9665.34291491844,9341.384995113662,3137.608098414663,3137.608098414663,0.0,35248.172611532704,link,0.0,0.0,0.0,0.0,0.0,0.0,59.202090598291434,21.387008852920278,37.81508174537115,75.30541627333275,37.49033452796161,37.81508174537115,0
26.0,2.0,10.0,150.0,39799.09031594862,19727.656489472974,20071.433826475644,5432.50664953123,0.0,5432.50664953123,0.0,link,0.0,0.0,0.0,0.0,0.0,0.0,82.17565722790351,28.016551215873868,54.159106012029646,112.73350713151669,28.016551215873868,84.71695591564281,0
26.0,2.0,11.0,151.0,61239.02764165262,31319.794471237463,29919.23317041516,5527.098799836521,5527.098799836521,0.0,24120.7762535988,link,0.0,0.0,0.0,0.0,0.0,0.0,82.17565722790351,28.016551215873868,54.159106012029646,113.26558797698395,59.106481964954305,54.159106012029646,0
27.0,2.0,11.0,152.0,68446.95855219441,33632.332120978645,34814.626431215765,4475.01586176286,0.0,4475.01586176286,0.0,link,0.0,0.0,0.0,0.0,0.0,0.0,130.25776505565,38.30519372419176,91.95257133145823,155.42972927806608,38.30519372419176,117.12453555387431,0
27.0,0.0,99.0,153.0,29715.95485159294,29715.95485159294,0.0,4959.050959781504,4959.050959781504,0.0,15398.281487957354,ra,0.0,0.0,0.0,0.0,0.0,0.0,38.30519372419176,38.30519372419176,0.0,66.19985537296273,66.19985537296273,0.0,0
27.0,1.0,100.0,154.0,27462.225943179787,0.0,27462.225943179787,4427.600028969178,0.0,4427.600028969178,15788.230047158857,ra,0.0,0.0,0.0,0.0,0.0,0.0,67.0473211685066,0.0,67.0473211685066,91.95257133145823,0.0,91.95257133145823,0
27.0,2.0,107.0,155.0,39803.00077214074,18775.259985557448,21027.74078658329,8521.51974910427,4077.7617235109983,4443.758025593273,32030.585088502547,ra,0.0,0.0,0.0,0.0,0.0,0.0,108.25103764750718,66.19985537296273,42.051182274544445,154.1835801390073,87.1362589705007,67.0473211685066,0
27.0,0.0,111.0,156.0,14923.34787730996,14923.34787730996,0.0,3332.683703707982,3332.683703707982,0.0,51994.455333056,ra,0.0,0.0,0.0,0.0,0.0,0.0,87.1362589705007,87.1362589705007,0.0,105.8826048038581,105.8826048038581,0.0,0
27.0,1.0,110.0,157.0,16064.78653282132,0.0,16064.78653282132,3656.830509986008,0.0,3656.830509986008,52217.78598274018,ra,0.0,0.0,0.0,0.0,0.0,0.0,21.481510655873144,0.0,21.481510655873144,42.051182274544445,0.0,42.051182274544445,0
27.0,2.0,113.0,158.0,28115.732693263828,13396.479626617023,14719.253066646805,8182.361978154302,4151.774424898176,4030.5875532561263,80453.83595296173,ra,2.0,0.0,2.0,99.99999999999999,71.42878762472935,28.571212375270633,133.26327284793615,105.8826048038581,27.380668044078064,79.28905897505413,57.807548319180995,21.481510655873144,1
27.0,0.0,115.0,159.0,16210.1141141057,16210.1141141057,0.0,2741.8648075464444,2741.8648075464444,0.0,99290.1862589441,ra,0.0,0.0,0.0,0.0,0.0,0.0,57.807548319180995,57.807548319180995,0.0,73.23053786162974,73.23053786162974,0.0,0
27.0,2.0,116.0,160.0,34177.78966749807,16266.79151473384,17910.998152764234,6377.116285600918,1294.989846913013,5082.126438687905,107271.26953267986,ra,3.0,0.0,3.0,149.99999999999997,38.81942472658363,111.18057527341635,183.2048199615047,73.23053786162974,109.97428209987497,69.07609906800988,41.69543102393182,27.380668044078064,1
27.0,2.0,15.0,161.0,39893.99999984566,18725.9999999336,21167.99999991206,3972.0067852374737,3972.0067852374737,0.0,128894.5131374644,link,0.0,0.0,0.0,0.0,0.0,0.0,151.6697131238068,41.69543102393182,109.97428209987497,174.01225129076758,64.03796919089261,109.97428209987497,0
28.0,2.0,11.0,162.0,61992.2787513973,31725.31224782596,30266.96650357134,2390.702240646126,0.0,2390.702240646126,0.0,link,0.0,0.0,0.0,0.0,0.0,0.0,90.53194619643055,63.453462575193306,27.078483621237243,80.17301706415398,39.64683333928228,40.5261837248717,0
28.0,0.0,93.0,163.0,30439.224167938333,30439.224167938333,0.0,1072.7833528404256,1072.7833528404256,0.0,3445.559107155475,ra,0.0,0.0,0.0,0.0,0.0,0.0,39.64683333928228,39.64683333928228,0.0,10.667894329085525,10.667894329085525,0.0,0
28.0,0.0,95.0,164.0,18498.90877462081,18498.90877462081,0.0,3967.265746570001,3967.265746570001,0.0,21968.34571810977,ra,0.0,0.0,0.0,0.0,0.0,0.0,10.667894329085525,10.667894329085525,0.0,8.880488303650594,8.880488303650594,0.0,0
28.0,1.0,96.0,165.0,17419.186332491074,0.0,17419.186332491074,4813.95264377551,0.0,4813.95264377551,22264.116411144965,ra,0.0,0.0,0.0,0.0,0.0,0.0,0.0,0.0,0.0,27.078483621237243,0.0,27.078483621237243,0
28.0,2.0,0.0,166.0,16044.983216716417,8425.399218263456,7619.583998452962,2682.96218463007,2682.96218463007,0.0,40879.27967798362,link,0.0,0.0,0.0,0.0,0.0,0.0,8.880488303650594,8.880488303650594,0.0,15.091662288544144,15.091662288544144,0.0,0
30.0,2.0,12.0,169.0,31173.00771278776,15334.689159172884,15838.318553614876,1373.022338283504,0.0,1373.022338283504,0.0,link,0.0,0.0,0.0,0.0,0.0,0.0,175.40176758954345,76.01501712930046,99.38675046024298,176.53632455419267,69.42632344110497,107.1100011130877,0
30.0,0.0,101.0,170.0,15342.168535706442,15342.168535706442,0.0,288.7002299566512,288.7002299566512,0.0,1882.30501330568,ra,0.0,0.0,0.0,0.0,0.0,0.0,69.42632344110497,69.42632344110497,0.0,64.25987157669212,64.25987157669212,0.0,0
30.0,1.0,102.0,171.0,15008.380189154295,0.0,15008.380189154295,2426.954705703304,0.0,2426.954705703304,15325.375723611753,ra,0.0,0.0,0.0,0.0,0.0,0.0,85.7351302406619,0.0,85.7351302406619,99.38675046024298,0.0,99.38675046024298,0
30.0,0.0,103.0,172.0,14615.10439288337,14615.10439288337,0.0,2123.5391790607955,2123.5391790607955,0.0,15632.211521401772,ra,0.0,0.0,0.0,0.0,0.0,0.0,64.25987157669212,64.25987157669212,0.0,70.04226926619211,70.04226926619211,0.0,0
30.0,2.0,13.0,173.0,18934.390172572806,9143.138576923604,9791.251595649202,1268.116655371192,1268.116655371192,0.0,27311.590572612236,link,0.0,0.0,0.0,0.0,0.0,0.0,155.777399506854,70.04226926619211,85.7351302406619,154.3628391386693,68.6277088980074,85.7351302406619,0
31.0,2.0,12.0,174.0,61211.26177444921,30941.90070843765,30269.36106601156,584.8788313855799,0.0,584.8788313855799,0.0,link,0.0,0.0,0.0,0.0,0.0,0.0,207.84113741606018,187.37898294589942,20.46215447016077,211.1310808426041,187.37898294589942,23.752097896704655,0
31.0,1.0,106.0,175.0,29780.03490857172,0.0,29780.03490857172,3637.7163502508033,0.0,3637.7163502508033,10173.779430297054,ra,0.0,0.0,0.0,0.0,0.0,0.0,0.0,0.0,0.0,20.46215447016077,0.0,20.46215447016077,0
31.0,0.0,105.0,176.0,30402.95414259374,30402.95414259374,0.0,3119.852058011688,3119.852058011688,0.0,10175.429354581129,ra,0.0,0.0,0.0,0.0,0.0,0.0,187.37898294589942,187.37898294589942,0.0,204.92815077221516,204.92815077221516,0.0,0
31.0,2.0,109.0,177.0,62402.93424977723,31525.727911032645,30877.20633874459,6816.570463211742,3762.4191873927257,3054.1512758190165,22337.14837090233,ra,5.0,0.0,5.0,250.0000000000001,162.18320428008653,87.81679571991357,275.5653455656468,204.92815077221516,70.63719479343163,63.908554421212656,63.908554421212656,0.0,1
31.0,2.0,14.0,178.0,62766.261417807065,31611.05780980601,31155.20360800105,595.148026243029,595.148026243029,0.0,24222.213413881997,link,0.0,0.0,0.0,0.0,0.0,0.0,134.54574921464427,63.908554421212656,70.63719479343163,137.89345686226133,67.2562620688297,70.63719479343163,0
32.0,2.0,13.0,179.0,24034.000000000007,12223.000000000004,11811.000000000004,4986.624005231322,0.0,4986.624005231322,0.0,link,0.0,0.0,0.0,0.0,0.0,0.0,127.43319095977836,68.6277088980074,58.80548206177097,154.3628391386693,68.6277088980074,85.7351302406619,0
32.0,2.0,104.0,180.0,24034.000000001273,12223.000000000631,11811.000000000642,545.6198680000062,277.4865460000031,268.13332200000315,2270.21285318104,ra,0.0,0.0,0.0,0.0,0.0,0.0,126.15208734759986,68.6277088980074,57.524378449592454,128.9940527810284,70.18857071925741,58.80548206177097,0
32.0,2.0,16.0,181.0,35472.0,17897.0,17575.0,5106.43524839964,5106.43524839964,0.0,35413.56901786664,link,0.0,0.0,0.0,0.0,0.0,0.0,129.07462859029542,70.18857071925741,58.88605787103801,155.44582753847692,97.92144908888446,57.524378449592454,0
33.0,2.0,14.0,182.0,25491.39192820705,13297.332945790267,12194.058982416784,2901.9645133205213,0.0,2901.9645133205213,0.0,link,0.0,0.0,0.0,0.0,0.0,0.0,43.9136532489957,43.9136532489957,0.0,40.88298565111005,24.55943526368211,16.323550387427932,0
33.0,2.0,0.0,183.0,27433.939184964896,13761.985453193762,13671.953731771133,3014.5666133482373,3014.5666133482373,0.0,22213.61178663945,link,0.0,0.0,0.0,0.0,0.0,0.0,24.55943526368211,24.55943526368211,0.0,25.877762974399886,25.877762974399886,0.0,0
34.0,2.0,14.0,184.0,40290.981728268656,40289.53408577645,1.4476424922008384,4807.99244961434,0.0,4807.99244961434,0.0,link,0.0,0.0,0.0,0.0,0.0,0.0,123.47048602152242,59.7722039822167,63.698282039305724,150.51544355060307,59.7722039822167,90.74323956838636,0
34.0,2.0,112.0,185.0,40084.67942148965,20069.25833080312,20015.421090686526,5879.593873458729,4738.491686036754,1141.1021874219755,14615.98862167376,ra,0.0,0.0,0.0,0.0,0.0,0.0,117.05178621727381,59.7722039822167,57.279582235057106,150.12450175547917,86.42621971617345,63.698282039305724,0
34.0,0.0,120.0,186.0,19233.978995985926,19233.978995985926,0.0,2388.1873644993475,2388.1873644993475,0.0,26934.149163868184,ra,0.0,0.0,0.0,0.0,0.0,0.0,86.42621971617345,86.42621971617345,0.0,99.85977364148228,99.85977364148228,0.0,0
34.0,2.0,20.0,187.0,42848.93314386101,20473.58046065553,22375.352683205478,2247.134627658472,2247.134627658472,0.0,38220.85948462789,link,0.0,0.0,0.0,0.0,0.0,0.0,159.3448880177049,99.85977364148228,59.48511437622262,169.7794881571183,112.49990592206119,57.279582235057106,0
35.0,2.0,0.0,188.0,13637.0,6766.0,6871.0,2412.026759499997,0.0,2412.026759499997,0.0,link,0.0,0.0,0.0,0.0,0.0,0.0,24.551794698847697,0.0,24.551794698847697,35.46347313240017,0.0,35.46347313240017,0
35.0,2.0,16.0,189.0,13637.0,6766.0,6871.0,2375.1670869999966,2375.1670869999966,0.0,35104.46295422166,link,0.0,0.0,0.0,0.0,0.0,0.0,38.89180912626072,0.0,38.89180912626072,37.91210956322268,13.360314864374981,24.551794698847697,0
36.0,2.0,15.0,190.0,63592.0,31158.0,32434.0,1263.5151210000006,0.0,1263.5151210000006,0.0,link,0.0,0.0,0.0,0.0,0.0,0.0,220.1506248541507,51.95277514134021,168.1978497128105,227.2578974097757,51.95277514134021,175.3051222684355,0
36.0,0.0,121.0,191.0,31158.0,31158.0,0.0,1862.7498720000008,1862.7498720000008,0.0,5978.406282256154,ra,0.0,0.0,0.0,0.0,0.0,0.0,51.95277514134021,51.95277514134021,0.0,62.43074317134022,62.43074317134022,0.0,0
36.0,1.0,122.0,192.0,32434.0,0.0,32434.0,2232.9998150000006,0.0,2232.9998150000006,6884.764105769136,ra,0.0,0.0,0.0,0.0,0.0,0.0,155.63722575343547,0.0,155.63722575343547,168.1978497128105,0.0,168.1978497128105,0
36.0,2.0,17.0,193.0,63592.0,31158.0,32434.0,1496.2071600000006,1496.2071600000006,0.0,10780.414990255447,link,0.0,0.0,0.0,0.0,0.0,0.0,218.0679689247757,62.43074317134022,155.63722575343547,226.4841341997757,70.84690844634022,155.63722575343547,0
37.0,2.0,16.0,194.0,61280.64411621449,31014.17446373309,30266.469652481403,3075.322007033439,0.0,3075.322007033439,0.0,link,0.0,0.0,0.0,0.0,0.0,0.0,162.89832828617546,88.68984862354596,74.20847966262949,163.87580029113116,88.68984862354596,75.18595166758521,0
37.0,0.0,117.0,195.0,31188.918197802075,31188.918197802075,0.0,476.2646699717726,476.2646699717726,0.0,1531.6015518302704,ra,0.0,0.0,0.0,0.0,0.0,0.0,88.68984862354596,88.68984862354596,0.0,91.36883739213718,91.36883739213718,0.0,0
37.0,2.0,18.0,196.0,64809.52507699492,32882.29003408458,31927.235042910343,2677.0230036732487,2677.0230036732487,0.0,9891.283544490125,link,0.0,0.0,0.0,0.0,0.0,0.0,187.72100700497515,91.36883739213718,96.35216961283795,180.6355714504287,106.4270917877992,74.20847966262949,0
38.0,2.0,17.0,197.0,73980.90840881804,36437.73642199968,37543.17198681836,8581.895963178365,0.0,8581.895963178365,0.0,link,0.0,0.0,0.0,0.0,0.0,0.0,214.9316951015669,69.75678660028844,145.17490850127848,263.2048598944452,69.75678660028844,193.44807329415676,0
38.0,1.0,118.0,198.0,38288.38488121995,0.0,38288.38488121995,3563.200636081027,0.0,3563.200636081027,5385.572941871728,ra,0.0,0.0,0.0,0.0,0.0,0.0,125.13190492332272,0.0,125.13190492332272,145.17490850127848,0.0,145.17490850127848,0
38.0,0.0,119.0,199.0,38355.566312925184,38355.566312925184,0.0,2619.00122524035,2619.00122524035,0.0,7097.786060466791,ra,0.0,0.0,0.0,0.0,0.0,0.0,69.75678660028844,69.75678660028844,0.0,81.45322553083602,81.45322553083602,0.0,0
38.0,1.0,123.0,200.0,41712.9401712972,0.0,41712.9401712972,2031.1114551113544,0.0,2031.1114551113544,14257.714169889843,ra,0.0,0.0,0.0,0.0,0.0,0.0,113.70690298832135,0.0,113.70690298832135,125.13190492332272,0.0,125.13190492332272,0
38.0,0.0,124.0,201.0,40728.86630783911,40728.86630783911,0.0,2848.889850605756,2848.889850605756,0.0,14300.505499646226,ra,0.0,0.0,0.0,0.0,0.0,0.0,81.45322553083602,81.45322553083602,0.0,96.98867218064866,96.98867218064866,0.0,0
38.0,2.0,22.0,202.0,105896.44285789959,51540.438437961006,54356.004419938574,8230.021979980831,8230.021979980831,0.0,31585.43416751235,link,0.0,0.0,0.0,0.0,0.0,0.0,210.69557516897,96.98867218064866,113.70690298832135,256.98944880636225,143.2825458180409,113.70690298832135,0
39.0,2.0,17.0,203.0,25562.278853813234,12328.30028963884,13233.978564174393,1988.332963522788,0.0,1988.332963522788,0.0,link,0.0,0.0,0.0,0.0,0.0,0.0,91.30153582722474,70.69343906690673,20.608096760318002,96.64535109870424,64.85288141857056,31.79246968013368,0
39.0,2.0,24.0,204.0,21529.452943652228,10591.584479212725,10937.868464439502,1897.3687907956744,1897.3687907956744,0.0,17071.72988124704,link,0.0,0.0,0.0,0.0,0.0,0.0,85.46097817888857,64.85288141857056,20.608096760318002,69.44417383335015,48.83607707303215,20.608096760318002,0
40.0,2.0,18.0,205.0,25932.838407847834,12821.14586322636,13111.692544621475,1674.795944952231,0.0,1674.795944952231,0.0,link,0.0,0.0,0.0,0.0,0.0,0.0,84.4369745899935,60.278156275184074,24.158818314809416,87.46069974690518,53.881154241739466,33.57954550516571,0
40.0,2.0,26.0,206.0,22387.89451536771,11334.707010656924,11053.187504710784,1671.626697283136,1671.626697283136,0.0,13785.599210644326,link,0.0,0.0,0.0,0.0,0.0,0.0,78.03997255654889,53.881154241739466,24.158818314809416,80.43127962723094,56.27246131242152,24.158818314809416,0
41.0,2.0,18.0,207.0,65100.064380541284,32409.67765592153,32690.38672461976,8031.948343872269,0.0,8031.948343872269,0.0,link,0.0,0.0,0.0,0.0,0.0,0.0,168.67326634827037,90.34385996675466,78.32940638151571,175.9058664483864,68.93831788657467,106.96754856181175,0
41.0,1.0,126.0,208.0,33015.8306660751,0.0,33015.8306660751,515.7447983857179,0.0,515.7447983857179,1570.6218936678245,ra,0.0,0.0,0.0,0.0,0.0,0.0,93.38784273897623,0.0,93.38784273897623,78.32940638151571,0.0,78.32940638151571,0
41.0,0.0,125.0,209.0,32828.808927873586,32828.808927873586,0.0,517.979810454405,517.979810454405,0.0,1588.999800427482,ra,0.0,0.0,0.0,0.0,0.0,0.0,68.93831788657467,68.93831788657467,0.0,64.57674639110967,64.57674639110967,0.0,0
41.0,2.0,25.0,210.0,107717.84336110209,52411.86349298975,55305.979868112336,8019.395375229603,8019.395375229603,0.0,19664.682517120145,link,0.0,0.0,0.0,0.0,0.0,0.0,165.93820079948563,64.57674639110967,101.36145440837598,200.01281176749333,106.6249690285171,93.38784273897623,0
42.0,2.0,0.0,211.0,64323.0,34358.0,29965.000000000004,292.1437675,0.0,292.1437675,0.0,link,0.0,0.0,0.0,0.0,0.0,0.0,66.11582870632911,0.0,66.11582870632911,35.10350946934233,0.0,35.10350946934233,0
42.0,2.0,21.0,212.0,64323.0,34358.0,29965.0,334.9733210000001,334.9733210000001,0.0,974.9930872178356,link,0.0,0.0,0.0,0.0,0.0,0.0,103.7299204089182,0.0,103.7299204089182,68.0000536369541,1.8842249306250007,66.11582870632911,0
43.0,2.0,20.0,213.0,150198.49863614666,75767.44894346851,74431.04969267815,256.5387159589935,0.0,256.5387159589935,0.0,link,0.0,0.0,0.0,0.0,0.0,0.0,315.7573488448394,149.882052419081,165.8752964257584,317.20037912210876,149.882052419081,167.31832670302774,0
43.0,2.0,127.0,214.0,143910.62075712613,71622.8655725805,72287.75518454562,14695.550707760216,7361.674053195678,7333.876654564538,10005.69209126666,ra,2.0,0.0,2.0,100.00000000000001,62.440716532006554,37.55928346799346,312.06357613090734,149.882052419081,162.18152371182632,294.72604886205846,128.85075243630007,165.8752964257584,1
43.0,2.0,22.0,215.0,143835.3128743358,71573.22723597237,72262.08563836341,254.1351114407348,254.1351114407348,0.0,10360.675542503666,link,0.0,0.0,0.0,0.0,0.0,0.0,291.03227614812636,128.85075243630007,162.18152371182632,292.4617861499805,130.2802624381542,162.18152371182632,0
44.0,2.0,20.0,216.0,153959.0,74263.0,79696.0,3498.654400000002,0.0,3498.654400000002,0.0,link,0.0,0.0,0.0,0.0,0.0,0.0,263.1398218809926,159.5335594221492,103.60626245884342,282.8197528809926,159.5335594221492,123.28619345884341,0
44.0,2.0,21.0,217.0,153959.0,74263.0,79696.0,3260.145700000001,3260.145700000001,0.0,4390.047146032249,link,0.0,0.0,0.0,0.0,0.0,0.0,263.1398218809926,159.5335594221492,103.60626245884342,277.2620206765308,173.65575821768738,103.60626245884342,0
45.0,2.0,20.0,218.0,62196.76002530598,32348.66402655705,29848.09599874893,1778.4316575225057,0.0,1778.4316575225057,0.0,link,0.0,0.0,0.0,0.0,0.0,0.0,104.95687277324461,74.5821253566441,30.374747416600517,114.96055084680872,74.5821253566441,40.37842549016462,0
45.0,2.0,129.0,219.0,59803.760630072626,31496.773292559403,28306.987337513223,6019.401556958648,3144.575633708264,2874.8259232503847,9849.378972750012,ra,0.0,0.0,0.0,0.0,0.0,0.0,88.7859769549612,74.5821253566441,14.203851598317105,122.37494411244877,92.00019669584826,30.374747416600517,0
45.0,2.0,27.0,220.0,59265.836631097605,31619.71560399585,27646.121027101755,2008.7677610146968,2008.7677610146968,0.0,16227.553730454052,link,0.0,0.0,0.0,0.0,0.0,0.0,106.20404829416536,92.00019669584826,14.203851598317105,117.50336694987303,103.29951535155593,14.203851598317105,0
46.0,2.0,21.0,221.0,122056.36331156333,58092.14471186193,63964.2185997014,6279.260644728073,0.0,6279.260644728073,0.0,link,0.0,0.0,0.0,0.0,0.0,0.0,227.1889006991796,115.35677105316292,111.8321296460167,262.50974182577505,115.35677105316292,147.15297077261215,0
46.0,2.0,23.0,222.0,131872.70614633957,62497.919354533005,69374.78679180656,5678.044393759095,5678.044393759095,0.0,9404.55520736285,link,0.0,0.0,0.0,0.0,0.0,0.0,227.1889006991796,115.35677105316292,111.8321296460167,259.12790041407453,147.29577076805782,111.8321296460167,0
47.0,2.0,22.0,223.0,38579.295537849815,18952.69215084102,19626.6033870088,1763.219166427337,0.0,1763.219166427337,0.0,link,0.0,0.0,0.0,0.0,0.0,0.0,97.70490861460553,52.6486989909034,45.05620962370213,97.80966255597963,42.835345121123716,54.974317434855905,0
47.0,2.0,128.0,224.0,35162.62482989687,17399.45971996509,17763.16510993178,7435.637995433931,3663.3854298437486,3772.2525655901823,19815.112780906624,ra,0.0,0.0,0.0,0.0,0.0,0.0,66.67263406338107,42.835345121123716,23.837288942257352,105.53233007555356,60.47612045185143,45.05620962370213,0
47.0,2.0,28.0,225.0,35062.11998304022,16961.141448801816,18100.9785342384,1675.651535543216,1675.651535543216,0.0,29618.33132225415,link,0.0,0.0,0.0,0.0,0.0,0.0,89.113416911641,60.47612045185143,28.63729645978956,61.131539999872686,37.294251057615334,23.837288942257352,0
48.0,2.0,24.0,226.0,16009.999934388854,7856.999966820751,8152.999967568103,2252.387938481718,0.0,2252.387938481718,0.0,link,0.0,0.0,0.0,0.0,0.0,0.0,28.615030610410983,28.615030610410983,0.0,33.46270576458642,20.793023610626754,12.669682153959663,0
48.0,2.0,0.0,227.0,10228.9496360124,5180.369177535584,5048.580458476815,2203.4039084147803,2203.4039084147803,0.0,34790.83034290512,link,0.0,0.0,0.0,0.0,0.0,0.0,20.793023610626754,20.793023610626754,0.0,28.03190837083028,28.03190837083028,0.0,0
50.0,2.0,23.0,230.0,167288.29083468003,89420.76920845687,77867.52162622314,2077.529087866036,0.0,2077.529087866036,0.0,link,0.0,0.0,0.0,0.0,0.0,0.0,261.21075888363475,134.4880451929679,126.72271369066684,270.0847684589078,131.67595364899444,138.4088148099133,0
50.0,2.0,25.0,231.0,167733.1420677742,89424.56834914754,78308.57371862668,2379.090073396836,2379.090073396836,0.0,2660.513408818963,link,0.0,0.0,0.0,0.0,0.0,0.0,258.3986673396613,131.67595364899444,126.72271369066684,271.78104900251844,145.05833531185164,126.72271369066684,0
51.0,2.0,23.0,232.0,68004.42841151668,33685.47219088722,34318.956220629465,2606.4986391770226,0.0,2606.4986391770226,0.0,link,0.0,0.0,0.0,0.0,0.0,0.0,116.35462996088617,85.20029777262172,31.154332188264448,131.01618480625694,85.20029777262172,45.81588703363521,0
51.0,0.0,130.0,233.0,33100.995903315394,33100.995903315394,0.0,783.1629546866914,783.1629546866914,0.0,2344.9972799662905,ra,3.0,3.0,0.0,89.60558939273436,89.60558939273436,0.0,85.20029777262172,85.20029777262172,0.0,0.0,0.0,0.0,1
51.0,2.0,27.0,234.0,64426.23565632764,31754.48892503164,32671.746731296,1762.794004348873,1762.794004348873,0.0,7784.588682143257,link,0.0,0.0,0.0,0.0,0.0,0.0,31.154332188264448,0.0,31.154332188264448,41.07004846272686,9.91571627446241,31.154332188264448,0
53.0,2.0,24.0,237.0,26623.0,13216.0,13407.000000000002,1301.209681500001,0.0,1301.209681500001,0.0,link,0.0,0.0,0.0,0.0,0.0,0.0,58.746506231187,38.770658484911834,19.975847746275164,61.712418318958164,35.224391690309155,26.48802662864901,0
53.0,2.0,28.0,238.0,26623.0,13216.0,13407.0,1282.6722719999998,1282.6722719999998,0.0,9705.486491353968,link,0.0,0.0,0.0,0.0,0.0,0.0,57.48256185852031,35.224391690309155,22.258170168211155,62.2501799237166,42.27433217744144,19.975847746275164,0
54.0,2.0,25.0,239.0,63790.74308365228,33602.55553767664,30188.187545975637,914.669079332492,0.0,914.669079332492,0.0,link,0.0,0.0,0.0,0.0,0.0,0.0,117.90271105098442,71.62926086021147,46.27345019077295,118.1147391533421,70.08461453445656,48.030124618885544,0
54.0,2.0,131.0,240.0,33762.441558617626,17029.212737248363,16733.228821369263,7185.418002340216,3714.280971775646,3471.13703056457,14118.05957838652,ra,0.0,0.0,0.0,0.0,0.0,0.0,97.63100059916357,70.08461453445656,27.546386064707,137.02468679142677,90.75123660065383,46.27345019077295,0
54.0,2.0,26.0,241.0,32484.774457444895,16371.354345937669,16113.420111507226,929.5714925260236,929.5714925260236,0.0,19751.672738570145,link,0.0,0.0,0.0,0.0,0.0,0.0,123.40540787487828,90.75123660065383,32.65417127422445,122.8526996819624,95.30631361725541,27.546386064707,0
55.0,2.0,26.0,242.0,35611.19993600926,17306.49996896785,18304.699967041404,3651.9540270608895,0.0,3651.9540270608895,0.0,link,0.0,0.0,0.0,0.0,0.0,0.0,115.30802674286059,115.30802674286059,0.0,135.8502681450781,115.30802674286059,20.542241402217503,0
55.0,2.0,132.0,243.0,34335.6700861098,16687.900230609903,17647.769855499897,3806.716178738113,1850.014875297545,1956.701303440568,10714.232916978135,ra,5.0,0.0,5.0,136.72080524826248,125.71436041640928,11.006444831853194,115.30802674286059,115.30802674286059,0.0,0.0,0.0,0.0,1
55.0,2.0,0.0,244.0,9015.000278806967,4116.000142012323,4899.000136794644,3382.273931804988,3382.273931804988,0.0,47911.36687265736,link,0.0,0.0,0.0,0.0,0.0,0.0,0.0,0.0,0.0,19.025290866403058,19.025290866403058,0.0,0
56.0,2.0,27.0,245.0,67553.51728478492,34432.267085202984,33121.25019958193,2367.0237097169543,0.0,2367.0237097169543,0.0,link,0.0,0.0,0.0,0.0,0.0,0.0,97.25299472802472,89.2122754673097,8.040719260715024,110.56750309518259,89.2122754673097,21.355227627872893,0
56.0,1.0,134.0,246.0,28345.05378073905,0.0,28345.05378073905,1429.461201904893,0.0,1429.461201904893,14670.942506693847,ra,0.0,0.0,0.0,0.0,0.0,0.0,2.220446049250313e-16,0.0,2.220446049250313e-16,8.040719260715024,0.0,8.040719260715024,0
56.0,0.0,133.0,247.0,28758.648000424007,28758.648000424007,0.0,4635.222356187495,4635.222356187495,0.0,14715.488271793003,ra,0.0,0.0,0.0,0.0,0.0,0.0,89.2122754673097,89.2122754673097,0.0,115.28540122086434,115.28540122086434,0.0,0
56.0,2.0,135.0,248.0,47006.10408228616,24072.8864014428,22933.21768084336,5972.3380643838445,1468.7067383505575,4503.631326033287,20490.182643268578,ra,4.0,0.0,4.0,169.0398451731274,123.54687662408624,45.492968549041166,135.44544356096827,115.28540122086434,20.160042340103928,2.220446049250313e-16,0.0,2.220446049250313e-16,1
56.0,2.0,29.0,249.0,45237.32656378552,23422.054813020965,21815.27175076456,2510.3156903599324,2510.3156903599324,0.0,31051.51115001564,link,0.0,0.0,0.0,0.0,0.0,0.0,20.160042340103928,0.0,20.160042340103928,20.160042340103928,0.0,20.160042340103928,0
57.0,2.0,28.0,250.0,21608.0,10785.0,10823.000000000002,664.3049169999997,0.0,664.3049169999997,0.0,link,0.0,0.0,0.0,0.0,0.0,0.0,32.40983176518105,32.40983176518105,0.0,20.82375635214016,17.08704119401516,3.7367151581249987,0
57.0,2.0,0.0,251.0,21608.0,10785.000000000002,10823.0,661.972515,661.972515,0.0,6137.906286244384,link,0.0,0.0,0.0,0.0,0.0,0.0,17.08704119401516,17.08704119401516,0.0,19.318165254204512,19.318165254204512,0.0,0
59.0,2.0,29.0,254.0,41763.642422810655,21836.31144790283,19927.330974907825,64.19229876066692,0.0,64.19229876066692,0.0,link,0.0,0.0,0.0,0.0,0.0,0.0,25.22329494704782,4.022945394856673,21.200349552191145,23.924871858171816,2.36344062545192,21.561431232719897,0
59.0,0.0,137.0,255.0,11226.947197214342,11226.947197214342,0.0,4281.442654724177,4281.442654724177,0.0,25939.716113189967,ra,0.0,0.0,0.0,0.0,0.0,0.0,2.36344062545192,2.36344062545192,0.0,2.36344062545192,2.36344062545192,0.0,0
59.0,1.0,138.0,256.0,8142.41876965786,0.0,8142.41876965786,3768.951031500648,0.0,3768.951031500648,26235.491957639333,ra,0.0,0.0,0.0,0.0,0.0,0.0,0.0,0.0,0.0,21.200349552191145,0.0,21.200349552191145,0
59.0,2.0,0.0,257.0,19030.167720862108,11064.89566740363,7965.272053458477,121.79539004601152,121.79539004601152,0.0,27032.750454879864,link,0.0,0.0,0.0,0.0,0.0,0.0,2.36344062545192,2.36344062545192,0.0,0.6850990690088148,0.6850990690088148,0.0,0
60.0,2.0,29.0,258.0,15204.999638753205,7325.999839362642,7878.999799390564,589.7618799510744,0.0,589.7618799510744,0.0,link,0.0,0.0,0.0,0.0,0.0,0.0,10.14506213522523,5.420458103854663,4.724604031370567,13.462472709950024,5.420458103854663,8.04201460609536,0
60.0,2.0,136.0,259.0,13825.298552554461,6712.4814864233695,7112.817066131092,1621.7030872016057,781.773481624616,839.9296055769897,10738.631570167296,ra,0.0,0.0,0.0,0.0,0.0,0.0,5.420458103854663,5.420458103854663,0.0,4.815378530533007,0.09077449916243958,4.724604031370567,0
60.0,2.0,0.0,260.0,9900.001134069504,4967.000504292169,4933.000629777334,588.1442988228391,588.1442988228391,0.0,22135.2935483001,link,0.0,0.0,0.0,0.0,0.0,0.0,0.09077449916243958,0.09077449916243958,0.0,3.3083116808784703,3.3083116808784703,0.0,0
