Unnamed: 0,highway,name,asfinag_position,asfinag_type,direction,osm_id,osm_name,centroid,dist_along_highway,x_coord,nb,on_segment,evaluated_dir
111.0,A14,'Rankweil West',33.46,2,0,207257184,Rastplatz Rankweil West,POINT (119853.0042607532 383802.4733134162),33309.01882557421,119816.947577177,0,0,0
112.0,A14,'Rankweil Ost',33.82,2,1,126431156,Rastplatz Rankweil Ost,POINT (119866.9506990632 383430.3094144502),33679.515879646875,119896.2527222405,1,0,1
110.0,A14,'Hohenems',24.48,0,2,471547998,Raststation Hohenems,POINT (122654.8335946695 391819.2174459381),24293.55008377413,122706.0052690432,2,0,2
114.0,A14,'Schlins Ost',46.85,2,1,533414011,Parkplatz Schlins,POINT (123202.6271008575 373449.3801825791),46581.56183482721,123186.3397192963,3,0,0
113.0,A14,'Schlins West',46.72,2,0,533414012,Parkplatz Schlins,POINT (123306.6898406406 373381.9645412282),46706.44277232992,123321.0886701855,4,0,1
108.0,A14,'Dornbirn West',15.07,2,1,162980699,P 15,POINT (127793.9894542911 399201.3997199812),15133.748470007851,127756.7854362527,5,0,0
109.0,A14,'Dornbirn Ost',15.27,2,0,367495632,P 15,POINT (127836.8629717065 399379.7166775248),14950.28436909958,127868.1789472502,6,0,1
107.0,A14,'Hörbranz’,0.0,2,2,633966549,,POINT (129592.4740092582 411403.8967661585),243.61131527003093,129543.4415961138,7,0,2
115.0,A14,'Nüziders',55.2,2,1,561914333,Parkplatz Nüziders,POINT (130489.0631706267 369914.8775179518),55063.184132699935,130494.4888026466,8,0,1
248.0,S16,'Radin Nord',59.03,2,0,782870538,Parkplatz Radin,POINT (137804.3630587783 366235.7606651682),58937.68303583237,137801.0744044039,9,0,1
247.0,S16,'Radin Süd',59.01,2,1,782870539,Parkplatz Radin,POINT (137828.0327634743 366240.9433703881),58913.44768077778,137832.4607141308,10,0,0
246.0,S16,'Innerbraz',54.99,0,0,782866940,Raststation Innerbraz,POINT (141650.8618208739 365801.1264289222),54888.65147426961,141663.7117547484,11,0,1
245.0,S16,'Klösterle',44.17,0,1,126215501,Raststation Klösterle,POINT (151936.1288926078 364139.1767406861),44064.11529179624,151939.6283007054,12,0,0
244.0,S16,'Schnann',18.9,0,2,896823217,Raststation Schnann,POINT (175737.3056150393 365273.0479740323),18919.540277567827,175736.3196791559,13,0,2
85.0,A12,'Kronburg Zams',142.7,2,0,533546618,,POINT (194530.0739048136 368234.0419505934),142654.0697471625,194519.2168737496,14,0,1
84.0,A12,'Mils',135.51,0,2,401257103,Trofana Tyrol,POINT (200474.7711905513 371682.5786594177),135439.2135005972,200497.5630784137,15,0,2
83.0,A12,'Imst Nord',133.84,2,0,401260330,Imst Nord,POINT (202105.5751568415 371935.7725424164),133786.71793031986,202103.973387842,16,0,1
82.0,A12,'Imst Süd',133.49,2,1,401260331,Imst Süd,POINT (202443.8397467285 371943.9401717986),133448.2984338601,202443.4855281343,17,0,0
81.0,A12,'Haiming Süd',118.5,2,1,533546631,,POINT (215607.5295945931 376927.0293851158),118464.44052611433,215619.2079138759,18,0,0
80.0,A12,'Telfs Nord',103.33,2,0,401248680,,POINT (229972.8903996685 380698.7075919536),103285.02265129075,229961.8542589817,19,0,1
79.0,A12,'Telfs Süd',103.3,2,1,401248683,,POINT (229979.771602077 380701.1638065565),103277.71618107129,229991.6990099435,20,0,0
78.0,A12,'Pettnau',95.81,0,2,47030786,Raststätte Pettnau,POINT (236087.0716281848 378489.1021192797),95783.00975504864,236069.536350749,21,0,2
77.0,A12,'Zirl-Inzing',91.77,1,0,389525938,Rastplatz Zirl - Inzing,POINT (239661.1265462336 377381.8996808553),91908.2028374514,239676.9298823825,22,0,1
76.0,A12,'Kematen',86.01,2,0,397610524,,POINT (244920.5183552348 375999.3511095279),85979.73059102819,244927.7226139134,23,0,1
75.0,A12,'Sieglanger',80.39,2,1,204383389,,POINT (249949.3400849759 374578.673555952),80360.78243322166,249963.5342765586,24,0,0
92.0,A13,'Europabrücke',8.27,0,2,320569653,Raststation Europabrücke,POINT (253467.5327861128 368177.7296732453),8216.482070386874,253427.4126027939,25,1,2
91.0,A13,'Patsch',6.24,2,0,152314682,,POINT (253612.3367575049 369998.1332964842),6206.232537422731,253598.5527459563,26,1,0
93.0,A13,'Gschleirs',14.05,2,1,123855817,Gschleirsbrücke,POINT (256108.1487335626 364374.2001637823),14022.01964928701,256151.6177143916,27,1,1
94.0,A13,'Matrei West',16.79,0,0,370306110,Raststation Matrei West,POINT (257006.4578554331 361863.8682013088),16740.466942339608,256974.3902412126,28,1,0
95.0,A13,'Matrei Ost',16.95,0,2,370306111,Raststation Matrei Ost,POINT (257075.2250408684 361714.2446811338),16905.13403389687,257122.9535760355,29,1,2
74.0,A12,'Ampaß',72.07,0,0,189800878,Raststation Innsbruck-Ampass,POINT (257729.3301563336 375387.5791380648),72190.04697378619,257715.1605934511,30,2,1
97.0,A13,'Wipptalerhof West',22.56,2,0,372332550,Wipptaler Hof,POINT (257889.8386083257 356429.3375317825),22510.665863203787,257875.0038666153,31,1,0
96.0,A13,'Wipptalerhof Ost',22.41,2,1,372332549,Wipptaler Hof,POINT (257957.6361409174 356537.8133319344),22381.98558614899,257980.9635327768,32,1,1
98.0,A13,'Plon',23.61,2,1,560743764,Plon,POINT (258048.5637658708 355504.8997464794),23556.38848814284,258067.1956737039,33,1,1
102.0,A13,'Gries West',29.54,0,0,239796021,Raststation Gries West,POINT (258788.964405628 350373.974978885),29475.082108024984,258763.5181514459,34,1,0
101.0,A13,'Gries Ost',29.15,0,1,123855799,Raststation Gries Ost,POINT (258881.0933643228 350639.2244328351),29194.281593531843,258913.4334568309,35,1,1
99.0,A13,'Nößlach',26.91,1,2,152309579,Nößlach,POINT (259410.829097612 351959.4340681284),27714.67115167786,259434.8126629056,36,1,2
100.0,A13,'Nößlach',26.91,2,1,152309579,Nößlach,POINT (259410.829097612 351959.4340681284),27714.67115167786,259434.8126629056,37,1,1
103.0,A13,'Brennersee - Fröhlich',32.6,2,0,776721687,Brennersee,POINT (260958.6138354837 348419.2635504883),32553.880013910424,260950.0456794845,38,1,0
104.0,A13,'Brennersee',33.44,0,0,372330818,Raststation Brennersee,POINT (261176.2555095925 347696.848369165),33383.16401416584,261146.1962436659,39,1,0
105.0,A13,'Brennerpaß',34.16,0,2,372330817,Raststation Brennerpaß,POINT (261349.033675694 347007.3977877621),34101.63398343049,261398.2313802385,40,1,2
73.0,A12,'Hall in Tirol',66.28,2,0,460585087,Rastplatz Koreth,POINT (263325.868575283 376843.4885243365),66219.4051681823,263320.9913124482,41,2,1
72.0,A12,'Volders/Karlskirche',64.18,2,1,460585269,Rastplatz Karlskirche,POINT (265295.2876664221 377417.9215120877),64162.31571697871,265315.4427097783,42,2,0
71.0,A12,'Weer Süd',55.0,1,1,189520403,Rastplatz Weer Süd,POINT (273099.3778359953 381196.6994779138),54962.42769551398,273119.2032440567,43,2,0
70.0,A12,'Weer',54.8,0,0,189520404,Raststation Weer Nord,POINT (273191.6609073784 381231.1625821185),54863.90413569062,273177.3755848916,44,2,1
69.0,A12,'Vomp',50.47,0,1,460590151,Raststation Vomp,POINT (275965.8976161044 384466.7649302818),50412.174685648846,276017.2477628621,45,2,0
68.0,A12,'Münster Süd',36.25,1,1,271726056,Münster Süd,POINT (287450.5960093274 391238.1924203712),36364.41054713728,287475.4917821485,46,2,0
67.0,A12,'Münster Nord',35.71,1,0,271726057,Münster Nord,POINT (287914.9782308006 391556.9597780274),35800.77801441017,287891.8951937077,47,2,1
66.0,A12,'Angath Nord',14.22,0,2,263997273,Angath-Nord,POINT (304666.2149935776 402841.3545797577),14101.92536185243,304578.7943139818,48,2,2
65.0,A12,'Angath Süd',14.1,0,2,57375373,Angath-Süd,POINT (304666.6032610879 402842.2643252146),14100.936369992787,304722.0445451084,49,2,2
64.0,A12,'Langkampfen Süd',9.32,2,1,736284304,,POINT (312703.7511174977 411126.6718106237),2098.380581805528,312749.7841547782,50,2,0
39.0,A1,'Walserberg Süd',300.71,0,1,322551672,Walserberg Süd,POINT (371116.160552835 429979.3559381051),292024.9587453794,371117.9378952289,51,3,0
40.0,A1,'Walserberg Nord',300.73,0,0,322551671,Walserberg Nord,POINT (371216.7675221661 429982.3055479044),291924.3082065468,371215.5212896587,52,3,1
41.0,A10,'Glanegg/West',4.28,2,0,720563664,P4,POINT (375608.675636243 428617.8585301626),1770.4871728419944,375588.8247198838,53,4,0
42.0,A10,'Untersberg/Ost',4.37,2,1,893773171,,POINT (375688.9857085537 428518.7672035696),1898.0363624747015,375718.8865037689,54,4,1
38.0,A1,'Kasern',287.89,0,0,67810346,Kasern,POINT (379959.1041185454 436814.2977025357),279165.959129779,379965.1866849827,55,5,1
37.0,A1,'Söllheim',286.46,0,1,67810341,Söllheim,POINT (380809.5132664257 437797.2150690713),277761.8444693356,380836.8763759326,56,5,0
43.0,A10,'Bruderloch',17.53,2,1,191364532,Rastplatz Bruderloch,POINT (384249.7735320926 419942.8665671056),15039.738222152006,384281.7510483056,57,4,1
45.0,A10,'Golling West',28.82,0,0,206566678,Raststation Golling West,POINT (386781.0617351537 409401.988120184),26258.742463243794,386665.6111077745,58,4,0
44.0,A10,'Golling Ost',28.76,0,1,200300459,Raststation Golling Ost,POINT (386766.8523670079 409433.2682768569),26224.385284414508,386826.7011905757,59,4,1
35.0,A1,'Salzburger Vorland',277.55,2,1,530994135,Salzburger Vorland,POINT (388717.4669849112 439016.0512829994),268866.709267308,388715.2579772896,60,5,0
46.0,A10,'Werfen',40.34,2,0,530029927,,POINT (389220.0389283624 398671.2053548755),37817.93385690162,389206.2021239441,61,4,0
34.0,A1,'Enzersberg',274.82,2,0,67810359,Enzersberg,POINT (391287.6000880501 439565.7556625793),266135.99020701525,391289.7080105876,62,5,1
,A10,'Buchberg’,46.5,2,0,368951554,,POINT (392116.7735387047 393191.0190484908),44265.73585340178,391805.0299239039,63,4,0
33.0,A1,'Vetterbach',270.63,2,1,322888608,,POINT (395193.1959236637 438237.9122573283),261972.4299011484,395183.3308279748,64,5,0
47.0,A10,'Klausgraben West’,50.01,2,0,185872881,,POINT (395263.4395968946 392710.2730273492),47504.51949159414,395262.1959173766,65,4,0
48.0,A10,'Klausgraben Ost’,50.01,2,1,185872906,,POINT (395263.9015268128 392710.2408743801),47504.98251388223,395266.1611302294,66,4,1
32.0,A1,‘Parkplatz Ölgraben’,268.98,2,0,531021199,Ölgraben,POINT (396873.8575145718 438277.7440979279),260279.12409843324,396872.1871334587,67,5,1
49.0,A10,'Eben Süd',59.21,0,2,404477042,Raststation Eben-Süd,POINT (403764.9304753109 391269.6684600249),56778.02700212305,403740.1447232449,68,4,2
50.0,A10,'Eben Nord',59.32,0,2,404477039,Raststation Eben-Nord,POINT (403744.1146259141 391279.7387186271),56754.90327219965,403770.5792237686,69,4,2
31.0,A1,'Mondsee',259.23,0,2,47030500,Mondsee,POINT (404666.3393665961 437565.1373358046),250516.98963778745,404661.7156957533,70,5,2
51.0,A10,'Rohr',71.25,2,0,893823928,Parkplatz Rohr,POINT (404751.1953384383 379805.8432100011),68791.69309933054,404717.4214030203,71,4,0
207.0,A8,'Marienkirchen/Schärding’,71.6,1,1,533009640,Rastplatz St.Marienkirchen,POINT (406013.1815744445 497130.2939519202),71744.4706400803,405978.1348553593,72,6,0
208.0,A8,'Dietrichshofen/Ost',72.06,2,0,892779685,Parkplatz Dietrichshofen/Ost,POINT (406164.8506494536 497539.9471548608),72179.3558586047,406204.3263096366,73,6,1
209.0,A8,'Suben West',74.77,0,1,533020665,Raststation Suben,POINT (406960.308800647 500140.1726472882),74912.19976138193,406888.9315376761,74,6,0
52.0,A10,'Tauernalm',79.79,0,2,200145931,Raststation Tauernalm,POINT (407082.9236747762 372083.8979977644),77278.92186222805,407008.1463603936,75,4,2
30.0,A1,'Oberwang',251.03,1,0,313110417,Oberwang,POINT (407495.7972395185 442612.7173175032),242460.01948601645,407438.9585875917,76,5,1
205.0,A8,'Murau West',56.77,1,1,189139727,Rastplatz Murau West,POINT (411927.4770439771 485995.3839344179),57029.21480508955,411881.789909386,77,6,0
206.0,A8,'Murau Ost',56.88,1,0,189139728,Rastplatz Murau Ost,POINT (411915.9276440085 486015.5920291861),57052.62416914946,411972.4879913593,78,6,1
29.0,A1,'Wildenhag Nord',243.76,2,0,531252271,Wildenhag Nord,POINT (412490.6145822787 446854.6512155485),235066.34866503632,412469.9910011468,79,5,1
28.0,A1,'Straß',243.67,1,1,531252283,Straß,POINT (412548.9199159758 446915.6779821292),234981.9181530464,412591.0839382739,80,5,0
58.0,A10,'Seeboden',141.72,2,1,450117702,,POINT (412959.1912563602 323728.4300260872),139165.05238586848,412975.6229934532,81,4,1
59.0,A10,'Wolfsberg',142.25,2,0,450117701,,POINT (413447.0617365859 323480.4535416228),139712.5806351965,413440.5785135642,82,4,0
53.0,A10,'Lungau',97.91,0,0,404476377,Raststation Lungau,POINT (416464.3969357141 359075.7417111621),95447.73348931852,416423.0888469284,83,4,0
204.0,A8,'Grübl/Süd’,49.59,2,1,81305328,Grübl Süd,POINT (417625.343617335 482201.8401942346),49740.65454851328,417618.2705040298,84,6,0
,A8,'Grübl/Nord',49.61,2,0,81305333,Grübl Nord,POINT (417643.9703023466 482195.7702485166),49721.18121667339,417653.8197867699,85,6,1
54.0,A10,'Lanschütz',100.6,1,1,529488602,Lanschütz,POINT (418562.432846525 357565.0343410709),98049.1739721768,418583.0685941336,86,4,1
57.0,A10,'Eisentratten',125.92,0,2,404473862,Raststation Eisentratten,POINT (418755.3181081541 335713.6490329776),123333.65134928688,418830.9453438835,87,4,2
60.0,A10,'Kamering',154.29,2,1,894068048,Parkplatz Kamering,POINT (420527.2470911378 314693.6283856761),151671.57758871172,420547.8402652538,88,4,1
55.0,A10,'Rennweg',112.45,2,0,421600809,Rennweg,POINT (420641.3022598491 347458.6611407695),109897.17945700258,420616.4501677827,89,4,0
203.0,A8,'Renhartsberg',44.47,2,1,376944509,Parkplatz Renhartsberg,POINT (421868.9919316357 479402.8925887736),44603.33919835331,421847.3758127559,90,6,0
56.0,A10,'Ried’,116.47,2,1,579663993,Parkplatz Ried,POINT (421970.1202221824 343872.146700272),113909.24397676944,421999.730530755,91,4,1
202.0,A8,'Gotthaming',43.74,2,0,376944495,Parkplatz Gotthaming,POINT (422357.2645174768 478830.1175134893),43847.85999116897,422394.57208572,92,6,1
27.0,A1,'Hainbach Nord',230.72,1,0,160829030,Hainbach Nord,POINT (423086.5106569809 450802.4533455937),222093.80028181188,423068.5794925663,93,5,1
26.0,A1,'Hainbach Süd',230.7,1,1,160829032,Hainbach Süd,POINT (423297.8113470835 450863.9342496066),221873.6654517392,423314.3008876345,94,5,0
61.0,A10,'Feistritz an der Drau',162.01,0,2,894093001,Raststation Feistritz,POINT (425776.8264322255 309340.2538991483),159366.18224840498,425806.2178627966,95,4,2
159.0,A2,'Dreiländereck Nord',374.27,0,2,802147801,Rastplatz Dreiländereck Nord,POINT (427954.4888943078 296765.0688199461),363908.2323300812,427929.2750915801,96,7,2
158.0,A2,'Dreiländereck Süd',374.17,0,2,802147800,Rastplatz Dreiländereck Süd,POINT (428007.0413162677 296775.1791406868),363852.3888369528,428015.7321372766,97,7,2
201.0,A8,'Aistersheim',33.81,0,2,245596053,Raststation Aistersheim,POINT (430763.284431483 475496.7161735055),33951.014590715524,430758.2100374589,98,6,2
,A10,'Weissenstein’,168.42,0,2,894082156,Restplatz Weißenstein,POINT (431220.4188611623 306066.1453653384),165825.08354100966,431194.1257871849,99,4,2
157.0,A2,'Federaun/Süd',362.78,2,1,527631020,P363 Parkplatz Federaun Süd,POINT (438532.9124288933 297195.6654560029),352548.7130626719,438563.8724233303,100,7,0
24.0,A1,'Lindach Nord',212.26,0,0,531736197,Lindach Nord,POINT (438760.7746409827 456263.6320038),203639.73860081693,438763.705418745,101,5,1
25.0,A1,'Lindach Süd',212.27,0,1,531736196,Lindach Süd,POINT (438808.2294297474 456260.3629879448),203592.17135368893,438804.2702841595,102,5,0
156.0,A2,'Federaun/Nord',361.73,2,0,527631024,,POINT (439249.7263156319 298056.7301806733),351427.3954159526,439216.0674886806,103,7,1
200.0,A8,'Kematen/Nord',24.85,2,0,532884392,Parkplatz Kematen Nord,POINT (439263.1207917348 475698.4844142827),24993.186234175173,439261.2969947135,104,6,1
199.0,A8,'Schnittering/Süd',20.68,2,1,532884396,,POINT (443137.2672006038 476481.3124054547),20830.8581321432,443156.4014307581,105,6,0
198.0,A8,'Oberham/Nord',18.32,2,0,376844441,Parkplatz Oberham Nord,POINT (445416.4525508037 476682.2173922243),18458.1170448116,445419.2738178434,106,6,1
62.0,A11,'St. Niklas/Nord',2.11,2,1,528526630,Parkplatz St. Niklas Nord,POINT (445541.5255367312 301186.187508752),2126.475415772853,445558.1419645398,107,8,1
197.0,A8,'Oberham/Süd',16.76,2,1,532884401,Parkplatz Oberham Süd,POINT (446924.2490674302 476431.4349769358),16886.059613801568,446916.654318589,108,6,0
154.0,A2,'Sternberg/Süd',349.01,2,1,527576785,Parkplatz Sternberg Süd,POINT (449796.3991871888 302380.5953983568),338753.5545150617,449782.8624321079,109,9,0
155.0,A2,'Sternberg/Nord',349.03,2,0,527576786,Parkplatz Sternberg Nord,POINT (449805.8411216926 302375.6422203062),338742.74377298966,449825.1520226449,110,9,1
63.0,A11,'Rosegg',9.04,0,2,528652488,Rosegg,POINT (451018.3247 297821.7815),9063.091536941663,451138.4931818426,111,8,2
196.0,A8,'Voralpenkreuz',0.17,0,2,47030388,Voralpenkreuz,POINT (452251.4106193219 463161.5663152763),437.5447159527889,452344.349495513,112,10,2
179.0,A25,'Wels',13.06,0,2,311913080,,POINT (455044.03724441 477090.9602698008),12938.261566351846,455024.5227129348,113,11,2
1.0,A9,'Maisdorf/West',12.73,2,0,376804457,Parkplatz Maisdorf/West,POINT (457275.7137394783 451306.6831683132),12721.204186725834,457248.6927408883,114,13,0
0.0,A9,'Maisdorf/Ost',12.66,2,1,376804458,Parkplatz Maisdorf/Ost,POINT (457251.4646152762 451371.9603789272),12651.568144680645,457268.7488760521,115,13,1
153.0,A2,'Wörthersee',340.13,0,2,324036372,Raststation Wörthersee,POINT (458306.7940623716 303735.4558068629),329838.3535260621,458349.9997587008,116,9,2
177.0,A25,'Sinnersdorf/Süd',6.11,2,1,532567872,Sinnersdorf Süd,POINT (461077.1569030646 476484.4222454548),6125.71571093971,461095.8848293597,117,11,0
176.0,A25,'Pucking',5.97,1,0,532567871,Rastplatz Pucking Nord,POINT (461296.2835990139 476629.742604267),5862.775535802244,461267.5860737208,118,11,1
23.0,A1,'Allhaming Nord',182.6,1,0,322545857,Allhaming Nord,POINT (461454.7406205523 473288.4999419625),173899.9629697084,461397.1973813765,119,12,1
22.0,A1,'Allhaming Süd',182.59,1,1,322545858,Allhaming Süd,POINT (461425.8213858431 473244.4040460736),173952.69643198498,461489.6777927409,120,12,0
2.0,A9,'St. Pankraz',36.36,0,2,312364347,,POINT (463187.3890918851 430798.115736415),36305.52108016812,463307.6259769649,121,13,2
152.0,A2,'Karawankenblick/Süd',333.84,2,1,527240170,Parkplatz Karawankenblick Süd,POINT (464112.6573329105 304096.1540494058),323602.6504131558,464107.6969857624,122,9,0
151.0,A2,'Krumpendorf/Nord',329.28,2,0,527233259,Parkplatz Krumpendorf Nord,POINT (468291.2825757193 303622.4175232894),319007.8187578615,468286.3644425684,123,9,1
21.0,A1,'Ansfelden Nord',171.01,0,0,35323434,Ansfelden Nord,POINT (470564.6845936422 479802.982117632),162316.504436048,470522.4031152448,124,14,1
20.0,A1,'Ansfelden Süd',170.93,0,1,35323435,Ansfelden Süd,POINT (470561.166972627 479800.5982752776),162320.75373815486,470626.1716849853,125,14,0
6.0,A9,'Ardning West',66.04,2,0,376715081,Rastplatz Ardning West,POINT (474295.1344327854 409340.4911953516),66148.4007968077,474264.7869986332,126,13,0
5.0,A9,'Ardning Ost',65.96,2,1,376715079,Rastplatz Ardning Ost,POINT (474339.8942202202 409393.1314529827),66079.3021388582,474356.0672177218,127,13,1
4.0,A9,'Pyhrn-Priel West',55.04,1,0,510816662,Rastplatz Pyhrn-Priel West,POINT (475291.9288868885 418507.2399525156),55253.91776682321,475238.5922338971,128,13,0
3.0,A9,'Pyhrn-Priel Ost’,55.03,1,1,691535511,Rastplatz Pyhrn-Priel Ost,POINT (475213.9766225153 418767.0155847781),54982.51861792687,475245.702081362,129,13,1
,S37,'Zollfeld',293.91,2,0,450094399,,POINT (478583.7568820423 312169.9269605836),10776.696103761284,478570.5409621694,130,19,1
7.0,A9,'Rottenmann/Nord',77.91,2,1,376715082,,POINT (479351.9043083838 402480.3586028045),77941.67564567368,479361.7529598619,131,13,1
8.0,A9,'Rottenmann/Süd',78.18,2,0,376715085,,POINT (479573.5259348822 402355.611401364),78196.23516784806,479560.3242440162,132,13,0
,S37,'Hunnenbrunnen Nord',285.19,2,0,103104989,,POINT (480066.6171273329 320078.7756246809),2124.76300427167,480043.8254215059,133,19,1
266.0,S37,'Hunnenbrunnen Süd',285.2,2,1,103104987,,POINT (480065.5163476013 320072.6777886887),2130.959814290261,480093.8833616002,134,19,0
194.0,A7,'Engerwitzdorf',25.71,1,1,189919127,Rastplatz Engerwitzdorf,POINT (483152.3628229792 494879.4943561673),25746.049279755516,483102.0659508507,135,15,1
195.0,A7,'Denk',25.76,1,0,189919124,Rastplatz Denk,POINT (483153.5057581467 494881.3260104435),25748.208274960725,483190.2215469718,136,15,0
19.0,A1,'Enns Nord',156.79,1,0,523633283,Enns Nord,POINT (483210.5218277974 479130.2426967632),148036.79739378204,483216.736901953,137,16,1
18.0,A1,'Enns Süd',156.19,1,1,523633273,Enns Süd,POINT (483466.6955968107 479091.4297807233),147777.689227296,483455.8217990267,138,16,0
150.0,A2,'Grafenstein Süd',300.0,1,1,398982040,Grafenstein Süd,POINT (484587.9305809144 305090.1406454235),299868.8062420735,484586.1641730426,139,18,0
149.0,A2,'Grafenstein Nord',300.0,1,0,398982039,Grafenstein Nord,POINT (484616.0124075585 305087.9931743867),299840.5023934409,484620.387659362,140,18,1
9.0,A9,'Trieben',85.7,0,2,94441558,Raststation Trieben,POINT (486609.6366257945 400344.4809176961),85716.51059070176,486639.4742590693,141,13,2
17.0,A1,'Parkplatz Ennsdorf’,152.88,2,0,904639431,Ennsdorf,POINT (486962.6146318348 478474.1073158729),144219.52180883568,486967.3882255752,142,16,1
16.0,A1,'Ennsblick',147.1,2,0,523610724,Ennsblick,POINT (490730.0200022863 474589.4121931615),138438.77766993816,490761.9664102845,143,16,1
10.0,A9,'Gaishorn',92.11,1,1,94440598,Rastplatz Gaishorn,POINT (492625.0198379579 398497.6559338562),92143.66363082176,492634.0149813956,144,13,1
15.0,A1,'Haag',143.54,0,1,79589948,Haag,POINT (492850.1343153518 471853.2190983685),134904.5556513331,492792.9087994206,145,16,0
11.0,A9,'Treglwang',94.03,2,0,665215184,Parkplatz Treglwang,POINT (494391.1682000164 397795.8882402251),94053.16658702976,494384.4414220566,146,13,0
148.0,A2,'Völkermarkt',285.09,0,2,47029582,Raststätte Völkermarkt,POINT (496627.8689378194 309499.015510574),285005.7315573676,496555.3319714307,147,18,2
14.0,A1,'Strengberg',136.0,0,0,322545232,Strengberg,POINT (499256.0289309673 469168.022432398),127419.88396947316,499274.7511604758,148,16,1
265.0,S36,'Hauswald',35.77,2,0,951736532,Parkplatz Hauswald,POINT (499566.1780635794 364945.4961424934),35739.16296933435,499579.1062545049,149,20,1
264.0,S36,'Strettweg',34.61,2,1,327071181,Parkplatz Strettweg,POINT (500575.0584020441 365077.1584028469),34655.87696211147,500597.8093330075,150,20,0
147.0,A2,'Haimburg Nord',279.17,2,0,527042440,Parkplatz Haimburg Nord,POINT (502288.1990288619 310131.6637616364),279134.37145867385,502292.7816052746,151,18,1
13.0,A1,'Oed',130.52,2,1,895761070,Oed,POINT (504657.2940548366 469713.8977418614),121902.04643123144,504675.7868177567,152,16,0
12.0,A9,'Kalwang',106.26,1,0,665214827,Rastplatz Kalwang,POINT (504861.3719487624 392840.5002490873),106346.82419818388,504858.7646234921,153,13,0
12.0,A1,'Parkplatz Zeillern’,124.31,2,0,895761100,Zeillern,POINT (510644.583901535 470585.1286226319),115669.74097264573,510628.7832619262,154,16,1
146.0,A2,'Gönitz/Nord',268.89,2,0,527026750,Parkplatz Gönitz Nor,POINT (510700.1021823093 313735.8960136538),268950.3283638088,510682.1791903474,155,18,1
145.0,A2,'Gönitz/Süd',268.86,2,1,527026753,Parkplatz Gönitz Süd,POINT (510736.6917961553 313761.9327965898),268904.5024151299,510752.8783527016,156,18,0
143.0,A2,'Fischering',259.85,2,1,526850273,Parkplatz Fischering,POINT (512957.6760466359 321715.4375916371),259951.60486252053,512993.8958160395,157,18,0
144.0,A2,'St. Ändra',262.91,2,0,526850263,Parkplart Sankt Andrä,POINT (513246.2990652891 318776.1899952622),262955.5643856141,513196.7727531045,158,18,1
11.0,A1,'Amstetten',119.36,1,1,69744600,Amstetten,POINT (514585.9751520627 473009.7344067952),110856.16706177368,514590.5665525703,159,16,0
10.0,A1,'Viehdorf',118.17,1,0,69745896,Viehdorf,POINT (514653.8683951934 473014.3435957916),110788.11755873068,514650.5215557402,160,16,1
142.0,A2,'Twimberg Nord',242.44,2,0,526830760,Rastplatz Twimberg Nord,POINT (514964.5169401068 337708.7528175233),242509.8030506665,514921.9528572539,161,18,1
141.0,A2,'Twimberg Süd',242.34,2,1,526830759,Rastplatz Twimberg Süd,POINT (514976.0668397292 337744.6826428609),242470.24243419603,515005.5016716613,162,18,0
263.0,S36,'St. Marein Süd',14.97,0,1,383433357,Rastplatz St. Marein,POINT (517080.0581802779 373841.0743367968),14965.585447519716,517093.9527388794,163,20,0
262.0,S36,'St. Marein Nord',14.89,0,0,49358081,Rastplatz St. Marein,POINT (517131.476219799 373862.0956259383),14909.772315636868,517114.5362839187,164,20,1
13.0,A9,'Kammern Nord',121.18,2,1,950302829,,POINT (518244.4773366983 388645.192545132),121189.21743302692,518239.9861728944,165,13,1
14.0,A9,'Kammern Süd',121.26,0,2,94438967,Raststation Kammern,POINT (518324.5248169564 388654.0569974155),121269.75421704885,518331.4913245914,166,13,2
140.0,A2,'Pack',235.21,0,2,207488228,Raststation Pack Preitenegg,POINT (520211.8543536728 341031.2935534851),235315.76453870424,520193.4766166944,167,18,2
15.0,A9,'St. Michael',135.01,2,0,99092854,,POINT (528414.8897214463 381698.1163794455),134998.64009941448,528393.8191299433,168,21,0
17.0,A9,'Ortnerhof Süd’,135.65,2,0,474140730,,POINT (528967.2091371835 381414.684493794),135624.7242459407,528960.2473120602,169,21,0
16.0,A9,'Ortnerhof Nord',135.65,2,1,664756708,,POINT (528993.3681661958 381408.1236677671),135651.6934554006,528997.5802691273,170,21,1
9.0,A1,'Kemmelbach',101.38,0,0,322544273,Kemmelbach,POINT (531485.8139251381 474320.6381102163),92757.66724855428,531465.51598115,171,16,1
18.0,A9,'Hinterlainsach/Ost',139.16,2,0,664756705,,POINT (531469.8927966447 379105.166105575),139165.3246006848,531484.5482811976,172,21,1
19.0,A9,'Hinterlainsach/West',139.3,2,1,664756706,,POINT (531572.6073593162 379025.9937158431),139295.01648328692,531549.7831373794,173,21,0
8.0,A1,'Ybbs',100.32,0,1,322544067,Ybbs,POINT (532412.4720064271 474846.1041658239),91687.56131897827,532437.2852403207,174,16,0
139.0,A2,'Herzogberg Süd',220.19,1,1,526719862,Rastplatz Herzogberg Süd,POINT (533952.9397569415 342495.0689439042),220316.30619024337,533949.5982993604,175,18,0
138.0,A2,'Herzogberg Nord',220.13,1,0,193468416,Rastplatz Herzogberg Nord,POINT (534021.5493283356 342493.4794256085),220248.1966038648,534021.3825995264,176,18,1
20.0,A9,'Kleintal',150.57,2,0,564086450,,POINT (540571.3485070803 373252.2303345539),150547.39816113902,540574.3351737915,177,21,1
7.0,A1,'Ornding',88.04,1,0,-12284963,Ornding,POINT (543005.5417409816 479555.4163782723),79331.74335668387,542976.5205263259,178,16,1
21.0,A9,'Übelbach 1',154.16,2,1,664756052,Übelbach I,POINT (543500.617675061 371239.5727750229),154136.02524141554,543510.573331115,179,21,1
22.0,A9,'Übelbach 2',154.24,2,0,664756053,Übelbach II,POINT (543570.4263583057 371201.470242055),154215.55544922713,543552.0205580738,180,21,0
260.0,S35,'Frohnleiten West',26.82,2,0,173760628,P27,POINT (550102.9268462445 374274.8602366833),25978.74509057437,550069.9603391113,181,25,0
261.0,S35,'Frohnleiten Ost',26.82,2,1,173760625,Pannenplatz,POINT (550101.9386897683 374255.117026546),25999.758562908795,550119.5271236376,182,25,1
23.0,A9,'Deutschfeistritz',161.95,0,2,235790130,Raststation Deutschfeistritz,POINT (550299.1409770098 369267.1505961572),161859.23733452355,550268.1905258861,183,21,2
279.0,S6,'Kapfenberg Süd',72.45,1,1,100496555,Raststation Kapfenberg Süd,POINT (551310.1321664493 396522.8177316224),71785.13357316611,551330.1045606002,184,24,0
24.0,A9,'Eggenfeld',169.13,2,0,4575038,,POINT (551510.6093431603 362669.8436039072),169066.7990469878,551474.5660784504,185,26,0
278.0,S6,'Kapfenberg Nord',72.03,2,0,544542523,Raststation Kapfenberg Nord,POINT (551565.3555204966 396841.7843781934),71382.687846574,551521.0002345934,186,24,1
5.0,A1,'Schallaburg',76.81,1,1,210456429,Schallaburg,POINT (552245.0186510527 479296.5015077651),68230.25688284212,552213.9791297226,187,16,0
6.0,A1,'Roggendorf',76.82,1,0,210456428,Roggendorf,POINT (552316.2429960244 479259.7866066515),68150.12643071807,552335.5479390357,188,16,1
277.0,S6,'St. Marein',68.99,0,0,94437560,Raststation St. Marein,POINT (553797.3538673164 398348.5349967482),68338.78789465524,553779.1904666434,189,24,1
137.0,A2,'Kaiserwald',190.77,0,2,192901592,Raststation Kaiserwald,POINT (555869.9693473243 342137.7008591847),190811.98043951005,555990.9359950811,190,18,2
25.0,A9,'Feldkirchen',186.97,2,1,96572678,,POINT (557777.8489069396 348485.4031787145),187070.6358121562,557798.8671200833,191,26,1
26.0,A9,'Premstätten',192.48,1,0,178135178,Rastplatz Premstätten,POINT (559582.6667540025 343373.0937915523),192653.40411288827,559542.4347327679,192,28,0
27.0,A9,'Thalerhof',196.52,2,1,664741198,Parkplatz Thalerhof,POINT (561718.0306686348 340052.1900099818),196601.69095561144,561752.2549026615,193,28,1
4.0,A1,'St. Pölten',62.9,0,2,47029995,St. Pölten,POINT (565422.8968218691 477766.7902345518),54307.51935523901,565411.8660079052,194,16,2
28.0,A9,'Gralla West',211.06,0,0,192707339,Raststation Gralla West,POINT (569014.8819259331 328351.0564925285),211176.1907090968,568973.1545814445,195,28,0
29.0,A9,'Gralla Ost',211.45,0,1,193064709,Raststation Gralla Ost,POINT (569216.8452021168 328135.0634157262),211471.96139543704,569248.9515266542,196,28,1
276.0,S6,'Schwöbing Süd',48.57,0,1,327068316,Raststation Schwöbing Süd,POINT (569852.5921201727 409027.0757040776),47942.657073919545,569853.717100625,197,24,0
275.0,S6,'Schwöbing Nord',48.55,0,0,327068314,Raststation Schwöbing Nord,POINT (569869.3441405784 409027.7320263921),47924.6087619431,569868.191846711,198,24,1
136.0,A2,'Laßnitzhöhe Süd',170.65,1,1,525963521,Rastplatz Laßnitzhöhe-Süd,POINT (570426.1645772023 354029.0937089343),170660.52501152034,570434.7725800843,199,27,0
135.0,A2,'Laßnitzhöhe Nord',170.16,1,0,525963518,Rastplatz Laßnitzhöhe-Nord,POINT (570813.5618238278 354037.8785238778),170265.3810171409,570822.2967376324,200,27,1
257.0,S33,'St. Pölten Ost',1.84,0,0,109352402,,POINT (573003.09348733 480087.0119690653),25259.49868436409,573067.4196835606,201,30,0
30.0,A9,'Straß West',225.02,2,0,314047000,Rastplatz Straß West,POINT (576440.0535444823 317315.2993467533),225116.04098338005,576389.1964605602,202,28,0
31.0,A9,'Straß Ost’,225.02,2,1,314046999,Rastplatz Straß Ost,POINT (576414.5847768256 317344.7925297988),225077.0712368603,576444.4001268086,203,28,1
258.0,S33,'Inzersdorf',15.28,1,1,542661862,Rastplatz Inzersdorf,POINT (576633.4205819423 492807.1444143169),11816.427924955084,576583.4413080302,204,30,1
259.0,S33,'Herzogenburg',15.69,1,0,405477797,Rastplatz Herzogenburg,POINT (576735.7675152039 493096.3510127884),11509.592132582457,576795.2939461012,205,30,0
270.0,S5,'Grafenwörth',32.85,0,2,925947138,Raststation Grafenwörth,POINT (580892.3363824097 504221.6077161627),32764.22247079224,580893.6274787366,206,32,2
2.0,A1,'Kesselhof',44.88,1,1,228287045,Kesselhof,POINT (583166.5595131195 479130.7026307815),36260.395870592,583164.4383275693,207,31,0
3.0,A1,'Kirchstetten',44.88,1,0,228284224,Kirchstetten,POINT (583164.9106000586 479130.7603876926),36262.04575825932,583166.599872172,208,31,1
134.0,A2,'Arnwiesen',154.1,0,2,140439861,Raststation Arnwiesen,POINT (584814.6308571066 359115.6746264162),154027.591129845,584815.6945069765,209,27,2
274.0,S6,'Schottwien',23.57,0,2,49360021,Rastplatz Schottwien,POINT (589631.7528282285 419755.4299537098),22953.190177531364,589677.1334808402,210,24,2
,A2,'Ilztal/Nord ',147.5,2,1,525921919,P147,POINT (591061.8143124762 357553.8643702688),147494.29106534377,591060.0354494462,211,27,0
1.0,A1,'Steinhäusl',32.7,0,2,187691678,Steinhäusl,POINT (594076.6102024387 476341.5100593033),24098.67681152607,594053.7768457728,212,31,2
273.0,S6,'Gloggnitz Nord',18.44,2,0,661056057,Parkplatz Gloggnitz,POINT (594438.2414924201 420810.2232835872),17845.43517725091,594415.12474036,213,24,1
272.0,S6,'Gloggnitz Süd',17.81,2,1,661055664,Parkplatz Gloggnitz,POINT (594974.609508564 421091.5260490623),17231.246220439025,594985.280958826,214,24,0
0.0,A1,'Parkplatz Großraum’,27.42,2,2,47029834,Großram,POINT (598909.2587628315 477066.6419015015),18630.86849194398,598918.172416926,215,33,2
132.0,A2,'Hainersdorf',133.87,1,0,525878305,Rastplatz Hainersdorf,POINT (601133.0416764367 361098.6991671099),133858.62981543373,601083.218354068,216,27,1
133.0,A2,'Bad Blumau',134.06,1,1,525878304,Rastplatz Bad Blumau,POINT (601147.6167897942 360875.8480306181),134081.5902049001,601190.1843012946,217,27,0
250.0,S3,'Hollabrunn',23.6,2,1,264561229,Rastplatz Hollabrunn,POINT (601587.922972774 521964.0408641865),23642.53633551912,601572.1177793256,218,35,0
168.0,A21,'Alland',14.68,0,2,892039574,Raststation Alland,POINT (603538.9837976657 466957.0898822986),23575.1679741444,603624.3526028101,219,34,2
131.0,A2,'St. Johann/Nord',113.24,2,0,525858856,P113,POINT (604981.3194017765 378446.4170044318),113233.64305635316,604971.14603563,220,27,1
269.0,S5,'Zaina',6.3,2,0,142277259,,POINT (605008.1056331804 499874.9135941259),6218.353250993613,604984.3417026057,221,32,1
130.0,A2,'St. Johann/Süd',113.05,2,1,525858857,,POINT (605142.3045456023 378486.670484406),113068.7027787336,605151.7407439483,222,27,0
129.0,A2,'Loipersdorf',105.5,0,2,192927910,Raststation Loipersdorf,POINT (606179.3838264041 385000.0572856638),105622.14815529152,606100.3011752106,223,27,2
128.0,A2,'Pinkafeld/West',98.0,2,0,207181900,,POINT (607430.7184431629 391976.5096568596),98046.57590143588,607383.314727821,224,27,1
127.0,A2,'Pinkafeld/Ost',97.98,2,1,207181901,,POINT (607428.3039527698 391984.9595829764),98038.38878130166,607460.4400176294,225,27,0
271.0,S6,'Natschbach',3.22,0,2,96307607,Rastplatz Natschbach,POINT (607738.8828607464 426804.0562502713),2710.823392992959,607765.4656145051,226,24,2
169.0,A21,'Dornbach',19.96,2,1,895955600,Parkplatz Dornbach,POINT (607923.4811708856 466552.9341206788),18244.031857697813,607931.6562185271,227,34,1
126.0,A2,'Schäffern Ost',86.7,1,1,93119776,Rastplatz Schäffern,POINT (608357.277 402221.4887),86783.69255601408,608424.3012310681,228,27,0
123.0,A2,'Witzelsberg',60.84,2,0,207564998,,POINT (609444.6628739674 423779.5575071673),60871.62524835884,609381.3005077317,229,27,1
125.0,A2,'Zöbern',78.76,0,2,47027527,Raststation Zöbern,POINT (609535.8360860704 408498.2279577852),78798.18835371306,609495.7543804377,230,27,2
124.0,A2,'Gleissenfeld',61.52,2,1,525643295,P62,POINT (609651.5511587654 423071.5222833579),61617.27209185715,609703.2012774406,231,27,0
175.0,A22,'Stockerau',28.09,0,1,433012188,Raststation Stockerau,POINT (612604.2150807923 501918.9998919788),28027.704684296903,612609.224995299,232,37,0
120.0,A2,'Bad Fischau',40.93,0,0,100454573,Raststation Bad Fischau,POINT (613259.4558850792 441037.6041311026),41055.04247079064,613196.1533770029,233,38,1
119.0,A2,'Föhrenberg',39.31,0,1,129127252,Raststation Föhrenberg,POINT (613140.5519097138 442740.1295803047),39336.43721850597,613223.0744199788,234,38,0
170.0,A21,'Hinterbrühl',26.99,1,0,286175682,Rastplatz Hinterbrühl,POINT (613742.6112027949 467615.2752578323),11277.2684833336,613765.5647299936,235,34,0
171.0,A21,'Sparbach',26.99,2,1,93323594,Parkplatz Hinterbühl,POINT (613808.0656598104 467648.0917099667),11204.630854695071,613786.7438808143,236,34,1
122.0,A2,'Wr. Neustadt',51.18,1,1,397674648,Rastplatz Wr. Neustadt,POINT (614013.234159347 431555.2939256189),51195.19015325369,614048.492718559,237,36,0
121.0,A2,'Steinfeld',50.35,1,0,148700928,Rastplatz Steinfeld,POINT (614593.7540792089 432247.9695231058),50293.55814030129,614534.9720840184,238,36,1
117.0,A2,'Triestingtal',32.08,1,0,327066542,Rastplatz Triestingtal,POINT (614842.1217344226 449540.0403826834),32178.664708455453,614767.8149405568,239,38,1
118.0,A2,'Leobersdorf',32.08,1,1,100454106,Rastplatz Leobersdorf,POINT (614842.1291241518 449582.8317118017),32135.78635912251,614893.5431762162,240,38,0
174.0,A22,'Korneuburg Ost',18.12,0,0,54893726,Raststation Korneuburg,POINT (621304.3016145072 498539.8903192608),18079.022892039822,621303.8763335195,241,41,0
173.0,A22,'Korneuburg West',18.04,0,1,54893726,Raststation Korneuburg,POINT (621304.3016145072 498539.8903192608),18079.022892039822,621303.8763335195,242,41,0
116.0,A2,'Guntramsdorf',14.43,0,2,324026491,Guntramsdorf,POINT (624061.1291905959 463524.9159000518),14491.72041560853,623926.2221590605,243,43,2
252.0,S31,'Forchtenstein’,52.45,2,0,913221916,,POINT (627978.2739220575 431150.8262655733),18821.622180875434,627948.3738034245,244,48,0
251.0,S31,‘Mattersburg’,52.09,2,1,913221918,,POINT (628230.6646893366 431499.0496348071),18387.15857370269,628250.2191019763,245,48,1
253.0,S31,'Kobersdorf',66.91,2,0,159983507,Parkplatz Kobersdorf (gesperrt),POINT (629676.4197328923 417709.4725874028),33190.27208381451,629644.6517780572,246,48,0
254.0,S31,'Tschurndorf',68.14,2,1,913077236,Parkplatz Tschurndorf,POINT (630173.8062938141 416542.8362779401),34474.315801743054,630207.9368235212,247,48,1
180.0,A3,'Hornstein',28.0,0,2,373807312,Raststation Hornstein,POINT (630494.6909785409 446672.9192672775),19180.63195308188,630409.3244350143,248,47,2
,S1A,'Schwechat',9.85,0,2,30811318,,POINT (631198.4819677807 474024.9182633161),6204.256195102536,631212.4502089146,249,45,2
181.0,A4,'Simmering',2.45,0,0,478125158,Raststation Simmering,POINT (631284.1961419558 480715.7461232204),3146.269777173395,631279.0016764031,250,51,0
,S1B,'Deutsch Wagram',39.05,0,2,42216901,Raststation Deutsch-Wagram,POINT (635827.9270966687 495085.6109840028),2979.777227399416,635980.4823627592,251,54,2
191.0,A5,'Hochleithen',10.63,0,2,42217069,Raststation Hochleithen,POINT (637849.8456007174 507952.6981153795),10075.396251185926,637914.9142296079,252,55,2
182.0,A4,'Fischamend',22.33,1,0,157107389,Rastplatz Fischamend,POINT (647793.5865944625 471420.0222732652),23119.498262266134,647755.8366565057,253,56,0
183.0,A4,'Maria Ellend',22.48,1,1,157107388,Rastplatz Maria Ellend,POINT (647759.8038495937 471449.0576196106),23075.034106638963,647789.9265488647,254,56,1
184.0,A4,'Göttlesbrunn',28.04,0,2,525427828,Raststation Göttlesbrunn,POINT (651873.2389008715 467455.8061885558),28897.0499829454,651823.8253018593,255,56,2
185.0,A4,'Parndorf',46.23,2,1,666371706,Rastplatz Parndorf,POINT (664350.9103239095 458324.0371485002),46972.177028815866,664356.0654521114,256,59,1
186.0,A4,'Neusiedl',47.01,2,0,666371707,Rastplatz Neusiedl,POINT (665071.1526685229 458082.329240442),47732.23439700935,665050.1524660793,257,59,0
192.0,A6,'Potzneusiedl',10.8,0,2,46158787,Rastplatz Potzneusiedl,POINT (670597.60217747 465440.6585698945),10738.151284064392,670513.7452634472,258,60,2
187.0,A4,'Nickelsdorf Süd',64.65,0,0,342598797,Raststation Nickelsdorf Süd,POINT (681172.6114097799 454468.4783382361),65405.13401200047,681173.5546972395,259,59,0
188.0,A4,'Nickelsdorf Nord',64.97,0,1,342598795,Raststation Nickelsdorf Nord,POINT (681466.7659848519 454443.5647721253),65698.33452296151,681480.4134362255,260,59,1
